Code plate-forme;Code UIC;Date fin validité plateforme;Intitulé plateforme;Code postal;Code Commune;Commune;Code département;Département;Longitude;Latitude;Segment DRG;Niveau de service;RG;TVSs;SOPs;Gare;Intitulé gare;Intitulé fronton de gare;Gare DRG;Gare étrangère;DTG;Région SNCF;Unité gare;UT;Nbre plateformes;TVS;WGS 84
01207-1;0087590356;;Erdre-Active;44240;035;Chapelle-sur-Erdre;44;Loire-Atlantique;-1.5446088;47.2830678;c;1;GARES C PAYS DE LA LOIRE;"[{""TVS_Code"": ""ERV""}]";;"{""DRG_ON"": true, ""Etrangere_ON"": false, ""NbPltf"": 1, ""Alias_Libelle_NonContraint"": ""Erdre-Active"", ""Alias_Libelle_Fronton"": ""Erdre-Active"", ""AgenceGC_Libelle"": ""DTG Centre Ouest"", ""RegionSNCF_Libelle"": ""REGION PAYS DE LA LOIRE"", ""UG_Libelle"": ""UG Pays de la Loire"", ""UT_Libelle"": null}";Erdre-Active;Erdre-Active;True;False;DTG Centre Ouest;REGION PAYS DE LA LOIRE;UG Pays de la Loire;;1;ERV;47.2830678,-1.5446088
01533-1;0087487280;;Cerizay;79140;062;Cerizay;79;Deux-Sèvres;-0.6689931;46.8176878;c;1;GARES C POITOU CHARENTES;"[{""TVS_Code"": ""CEZ""}]";;"{""DRG_ON"": true, ""Etrangere_ON"": false, ""NbPltf"": 1, ""Alias_Libelle_NonContraint"": ""Cerizay"", ""Alias_Libelle_Fronton"": ""Cerizay"", ""AgenceGC_Libelle"": ""DTG Nouvelle Aquitaine"", ""RegionSNCF_Libelle"": ""REGION PAYS DE LA LOIRE"", ""UG_Libelle"": ""UG Poitou-Charentes"", ""UT_Libelle"": ""CERIZAY GARE""}";Cerizay;Cerizay;True;False;DTG Nouvelle Aquitaine;REGION PAYS DE LA LOIRE;UG Poitou-Charentes;CERIZAY GARE;1;CEZ;46.8176878,-0.6689931
01538-1;0087486563;;Saint-Hilaire-de-Riez;85270;226;Saint-Hilaire-de-Riez;85;Vendée;-1.9496838;46.7166736;c;1;GARES C PAYS DE LA LOIRE;"[{""TVS_Code"": ""SHZ""}]";;"{""DRG_ON"": true, ""Etrangere_ON"": false, ""NbPltf"": 1, ""Alias_Libelle_NonContraint"": ""Saint-Hilaire-de-Riez"", ""Alias_Libelle_Fronton"": ""Saint-Hilaire-de-Riez"", ""AgenceGC_Libelle"": ""DTG Centre Ouest"", ""RegionSNCF_Libelle"": ""REGION PAYS DE LA LOIRE"", ""UG_Libelle"": ""UG Pays de la Loire"", ""UT_Libelle"": ""SAINT HILAIRE DE RIEZ GARE""}";Saint-Hilaire-de-Riez;Saint-Hilaire-de-Riez;True;False;DTG Centre Ouest;REGION PAYS DE LA LOIRE;UG Pays de la Loire;SAINT HILAIRE DE RIEZ GARE;1;SHZ;46.7166736,-1.9496838
01573-1;0087484360;;Ingrandes-Le Fresne-sur-Loire;49123;160;Ingrandes-Le Fresne sur Loire;49;Maine-et-Loire;-0.9210198;47.4056382;c;1;GARES C PAYS DE LA LOIRE;"[{""TVS_Code"": ""IGA""}]";;"{""DRG_ON"": true, ""Etrangere_ON"": false, ""NbPltf"": 1, ""Alias_Libelle_NonContraint"": ""Ingrandes-Le Fresne-sur-Loire"", ""Alias_Libelle_Fronton"": ""Ingrandes sur Loire"", ""AgenceGC_Libelle"": ""DTG Centre Ouest"", ""RegionSNCF_Libelle"": ""REGION PAYS DE LA LOIRE"", ""UG_Libelle"": ""UG Pays de la Loire"", ""UT_Libelle"": ""INGRANDES SUR LOIRE GARE""}";Ingrandes-Le Fresne-sur-Loire;Ingrandes sur Loire;True;False;DTG Centre Ouest;REGION PAYS DE LA LOIRE;UG Pays de la Loire;INGRANDES SUR LOIRE GARE;1;IGA;47.4056382,-0.9210198
01575-1;0087484337;;La Possonnière;49170;247;Possonnière;49;Maine-et-Loire;-0.6917009;47.3713848;b;1;GARES C PAYS DE LA LOIRE;"[{""TVS_Code"": ""LPO""}]";;"{""DRG_ON"": true, ""Etrangere_ON"": false, ""NbPltf"": 1, ""Alias_Libelle_NonContraint"": ""La Possonnière"", ""Alias_Libelle_Fronton"": ""La Possonnière"", ""AgenceGC_Libelle"": ""DTG Centre Ouest"", ""RegionSNCF_Libelle"": ""REGION PAYS DE LA LOIRE"", ""UG_Libelle"": ""UG Pays de la Loire"", ""UT_Libelle"": ""LA POSSONNIERE GARE""}";La Possonnière;La Possonnière;True;False;DTG Centre Ouest;REGION PAYS DE LA LOIRE;UG Pays de la Loire;LA POSSONNIERE GARE;1;LPO;47.3713848,-0.6917009
01592-1;0087481788;;Le Croisic;44490;049;Croisic;44;Loire-Atlantique;-2.507442;47.289836;b;2;Gare Le Croisic;"[{""TVS_Code"": ""LCC""}]";;"{""DRG_ON"": true, ""Etrangere_ON"": false, ""NbPltf"": 1, ""Alias_Libelle_NonContraint"": ""Le Croisic"", ""Alias_Libelle_Fronton"": ""Le Croisic"", ""AgenceGC_Libelle"": ""DTG Centre Ouest"", ""RegionSNCF_Libelle"": ""REGION PAYS DE LA LOIRE"", ""UG_Libelle"": ""UG Pays de la Loire"", ""UT_Libelle"": ""LE CROISIC GARE""}";Le Croisic;Le Croisic;True;False;DTG Centre Ouest;REGION PAYS DE LA LOIRE;UG Pays de la Loire;LE CROISIC GARE;1;LCC;47.289836,-2.507442
01593-1;0087481770;;Batz-sur-Mer;44740;010;Batz-sur-Mer;44;Loire-Atlantique;-2.4789866;47.2809541;c;1;GARES C PAYS DE LA LOIRE;"[{""TVS_Code"": ""BSK""}]";;"{""DRG_ON"": true, ""Etrangere_ON"": false, ""NbPltf"": 1, ""Alias_Libelle_NonContraint"": ""Batz-sur-Mer"", ""Alias_Libelle_Fronton"": ""Batz-sur-Mer"", ""AgenceGC_Libelle"": ""DTG Centre Ouest"", ""RegionSNCF_Libelle"": ""REGION PAYS DE LA LOIRE"", ""UG_Libelle"": ""UG Pays de la Loire"", ""UT_Libelle"": ""BATZ SUR MER GARE""}";Batz-sur-Mer;Batz-sur-Mer;True;False;DTG Centre Ouest;REGION PAYS DE LA LOIRE;UG Pays de la Loire;BATZ SUR MER GARE;1;BSK;47.2809541,-2.4789866
01600-1;0087481697;;La Baule Les Pins;44500;055;Baule-Escoublac;44;Loire-Atlantique;-2.3648441;47.2835196;c;1;GARES C PAYS DE LA LOIRE;"[{""TVS_Code"": ""BFP""}]";;"{""DRG_ON"": true, ""Etrangere_ON"": false, ""NbPltf"": 1, ""Alias_Libelle_NonContraint"": ""La Baule Les Pins"", ""Alias_Libelle_Fronton"": ""La Baule les Pins"", ""AgenceGC_Libelle"": ""DTG Centre Ouest"", ""RegionSNCF_Libelle"": ""REGION PAYS DE LA LOIRE"", ""UG_Libelle"": ""UG Pays de la Loire"", ""UT_Libelle"": ""LA BAULE LES PINS GARE""}";La Baule Les Pins;La Baule les Pins;True;False;DTG Centre Ouest;REGION PAYS DE LA LOIRE;UG Pays de la Loire;LA BAULE LES PINS GARE;1;BFP;47.2835196,-2.3648441
01605-1;0087481598;;Nort-sur-Erdre;44390;110;Nort-sur-Erdre;44;Loire-Atlantique;-1.5033645;47.4419243;b;1;GARES C PAYS DE LA LOIRE;"[{""TVS_Code"": ""NSE""}]";;"{""DRG_ON"": true, ""Etrangere_ON"": false, ""NbPltf"": 1, ""Alias_Libelle_NonContraint"": ""Nort-sur-Erdre"", ""Alias_Libelle_Fronton"": ""Nort-sur-Erdre"", ""AgenceGC_Libelle"": ""DTG Centre Ouest"", ""RegionSNCF_Libelle"": ""REGION PAYS DE LA LOIRE"", ""UG_Libelle"": ""UG Pays de la Loire"", ""UT_Libelle"": ""NORT SUR ERDRE GARE""}";Nort-sur-Erdre;Nort-sur-Erdre;True;False;DTG Centre Ouest;REGION PAYS DE LA LOIRE;UG Pays de la Loire;NORT SUR ERDRE GARE;1;NSE;47.4419243,-1.5033645
01609-1;0087481457;;Cugand;85610;076;Cugand;85;Vendée;-1.253301;47.0582602;c;1;GARES C PAYS DE LA LOIRE;"[{""TVS_Code"": ""KUG""}]";;"{""DRG_ON"": true, ""Etrangere_ON"": false, ""NbPltf"": 1, ""Alias_Libelle_NonContraint"": ""Cugand"", ""Alias_Libelle_Fronton"": ""Cugand"", ""AgenceGC_Libelle"": ""DTG Centre Ouest"", ""RegionSNCF_Libelle"": ""REGION PAYS DE LA LOIRE"", ""UG_Libelle"": ""UG Pays de la Loire"", ""UT_Libelle"": ""CUGAND LA BERNARDIERE GARE""}";Cugand;Cugand;True;False;DTG Centre Ouest;REGION PAYS DE LA LOIRE;UG Pays de la Loire;CUGAND LA BERNARDIERE GARE;1;KUG;47.0582602,-1.253301
01610-1;0087481440;;Clisson;44190;043;Clisson;44;Loire-Atlantique;-1.286172;47.086142;b;2;Gare Clisson;"[{""TVS_Code"": ""CLI""}]";;"{""DRG_ON"": true, ""Etrangere_ON"": false, ""NbPltf"": 1, ""Alias_Libelle_NonContraint"": ""Clisson"", ""Alias_Libelle_Fronton"": ""Clisson"", ""AgenceGC_Libelle"": ""DTG Centre Ouest"", ""RegionSNCF_Libelle"": ""REGION PAYS DE LA LOIRE"", ""UG_Libelle"": ""UG Pays de la Loire"", ""UT_Libelle"": ""CLISSON GARE""}";Clisson;Clisson;True;False;DTG Centre Ouest;REGION PAYS DE LA LOIRE;UG Pays de la Loire;CLISSON GARE;1;CLI;47.086142,-1.286172
01611-1;0087481432;;Gorges;44190;064;Gorges;44;Loire-Atlantique;-1.3058778;47.1001487;c;1;GARES C PAYS DE LA LOIRE;"[{""TVS_Code"": ""GOE""}]";;"{""DRG_ON"": true, ""Etrangere_ON"": false, ""NbPltf"": 1, ""Alias_Libelle_NonContraint"": ""Gorges"", ""Alias_Libelle_Fronton"": ""Gorges"", ""AgenceGC_Libelle"": ""DTG Centre Ouest"", ""RegionSNCF_Libelle"": ""REGION PAYS DE LA LOIRE"", ""UG_Libelle"": ""UG Pays de la Loire"", ""UT_Libelle"": ""GORGES GARE""}";Gorges;Gorges;True;False;DTG Centre Ouest;REGION PAYS DE LA LOIRE;UG Pays de la Loire;GORGES GARE;1;GOE;47.1001487,-1.3058778
01612-1;0087481424;;Le Pallet;44330;117;Pallet;44;Loire-Atlantique;-1.346898;47.143831;b;1;Gare Le Pallet;"[{""TVS_Code"": ""PLL""}]";;"{""DRG_ON"": true, ""Etrangere_ON"": false, ""NbPltf"": 1, ""Alias_Libelle_NonContraint"": ""Le Pallet"", ""Alias_Libelle_Fronton"": ""Le Pallet"", ""AgenceGC_Libelle"": ""DTG Centre Ouest"", ""RegionSNCF_Libelle"": ""REGION PAYS DE LA LOIRE"", ""UG_Libelle"": ""UG Pays de la Loire"", ""UT_Libelle"": ""LE PALLET GARE""}";Le Pallet;Le Pallet;True;False;DTG Centre Ouest;REGION PAYS DE LA LOIRE;UG Pays de la Loire;LE PALLET GARE;1;PLL;47.143831,-1.346898
01623-1;0087481218;;Port-Saint-Père - Saint-Mars;44710;133;Port-Saint-Père;44;Loire-Atlantique;-1.7393069;47.1164915;c;1;GARES C PAYS DE LA LOIRE;"[{""TVS_Code"": ""PXS""}]";;"{""DRG_ON"": true, ""Etrangere_ON"": false, ""NbPltf"": 1, ""Alias_Libelle_NonContraint"": ""Port-Saint-Père - Saint-Mars"", ""Alias_Libelle_Fronton"": ""Port-Saint-Père - Saint-Mars"", ""AgenceGC_Libelle"": ""DTG Centre Ouest"", ""RegionSNCF_Libelle"": ""REGION PAYS DE LA LOIRE"", ""UG_Libelle"": ""UG Pays de la Loire"", ""UT_Libelle"": ""PORT ST PERE ST MARS GARE""}";Port-Saint-Père - Saint-Mars;Port-Saint-Père - Saint-Mars;True;False;DTG Centre Ouest;REGION PAYS DE LA LOIRE;UG Pays de la Loire;PORT ST PERE ST MARS GARE;1;PXS;47.1164915,-1.7393069
01626-1;0087481184;;Oudon;44521;115;Oudon;44;Loire-Atlantique;-1.291992;47.3433655;b;1;GARES C PAYS DE LA LOIRE;"[{""TVS_Code"": ""ODK""}]";;"{""DRG_ON"": true, ""Etrangere_ON"": false, ""NbPltf"": 1, ""Alias_Libelle_NonContraint"": ""Oudon"", ""Alias_Libelle_Fronton"": ""Oudon"", ""AgenceGC_Libelle"": ""DTG Centre Ouest"", ""RegionSNCF_Libelle"": ""REGION PAYS DE LA LOIRE"", ""UG_Libelle"": ""UG Pays de la Loire"", ""UT_Libelle"": ""OUDON GARE""}";Oudon;Oudon;True;False;DTG Centre Ouest;REGION PAYS DE LA LOIRE;UG Pays de la Loire;OUDON GARE;1;ODK;47.3433655,-1.291992
01627-1;0087481176;;Boussay - La Bruffière;44190;022;Boussay;44;Loire-Atlantique;-1.1828046;47.0505741;c;1;GARES C PAYS DE LA LOIRE;"[{""TVS_Code"": ""BBF""}]";;"{""DRG_ON"": true, ""Etrangere_ON"": false, ""NbPltf"": 1, ""Alias_Libelle_NonContraint"": ""Boussay - La Bruffière"", ""Alias_Libelle_Fronton"": ""Boussay - La Bruffière"", ""AgenceGC_Libelle"": ""DTG Centre Ouest"", ""RegionSNCF_Libelle"": ""REGION PAYS DE LA LOIRE"", ""UG_Libelle"": ""UG Pays de la Loire"", ""UT_Libelle"": ""BOUSSAY GARE""}";Boussay - La Bruffière;Boussay - La Bruffière;True;False;DTG Centre Ouest;REGION PAYS DE LA LOIRE;UG Pays de la Loire;BOUSSAY GARE;1;BBF;47.0505741,-1.1828046
01634-1;0087481002;;Nantes;44041;109;Nantes;44;Loire-Atlantique;-1.542356;47.216148;a;3;GARE NANTES;"[{""TVS_Code"": ""NTS""}]";;"{""DRG_ON"": true, ""Etrangere_ON"": false, ""NbPltf"": 1, ""Alias_Libelle_NonContraint"": ""Nantes"", ""Alias_Libelle_Fronton"": ""Nantes"", ""AgenceGC_Libelle"": ""DTG Centre Ouest"", ""RegionSNCF_Libelle"": ""REGION PAYS DE LA LOIRE"", ""UG_Libelle"": ""UG Pays de la Loire"", ""UT_Libelle"": ""NANTES ORLEANS GARE""}";Nantes;Nantes;True;False;DTG Centre Ouest;REGION PAYS DE LA LOIRE;UG Pays de la Loire;NANTES ORLEANS GARE;1;NTS;47.216148,-1.542356
01638-1;0087478560;;Voutré;53600;276;Voutré;53;Mayenne;-0.2921804;48.1340521;c;1;GARES C PAYS DE LA LOIRE;"[{""TVS_Code"": ""VOU""}]";;"{""DRG_ON"": true, ""Etrangere_ON"": false, ""NbPltf"": 1, ""Alias_Libelle_NonContraint"": ""Voutré"", ""Alias_Libelle_Fronton"": ""Voutré"", ""AgenceGC_Libelle"": ""DTG Centre Ouest"", ""RegionSNCF_Libelle"": ""REGION PAYS DE LA LOIRE"", ""UG_Libelle"": ""UG Pays de la Loire"", ""UT_Libelle"": ""VOUTRE GARE""}";Voutré;Voutré;True;False;DTG Centre Ouest;REGION PAYS DE LA LOIRE;UG Pays de la Loire;VOUTRE GARE;1;VOU;48.1340521,-0.2921804
01662-1;0087476762;;Saint-Gildas-des-Bois;44530;161;Saint-Gildas-des-Bois;44;Loire-Atlantique;-2.0438923;47.516614;c;1;GARES C PAYS DE LA LOIRE;"[{""TVS_Code"": ""SOK""}]";;"{""DRG_ON"": true, ""Etrangere_ON"": false, ""NbPltf"": 1, ""Alias_Libelle_NonContraint"": ""Saint-Gildas-des-Bois"", ""Alias_Libelle_Fronton"": ""Saint-Gildas-des-bois"", ""AgenceGC_Libelle"": ""DTG Centre Ouest"", ""RegionSNCF_Libelle"": ""REGION PAYS DE LA LOIRE"", ""UG_Libelle"": ""UG Pays de la Loire"", ""UT_Libelle"": ""SAINT GILDAS DES BOIS GARE""}";Saint-Gildas-des-Bois;Saint-Gildas-des-bois;True;False;DTG Centre Ouest;REGION PAYS DE LA LOIRE;UG Pays de la Loire;SAINT GILDAS DES BOIS GARE;1;SOK;47.516614,-2.0438923
01892-1;0087396564;;Écommoy;72220;124;Écommoy;72;Sarthe;0.2691867;47.8246286;b;1;Gare Ecommoy;"[{""TVS_Code"": ""ECO""}]";;"{""DRG_ON"": true, ""Etrangere_ON"": false, ""NbPltf"": 1, ""Alias_Libelle_NonContraint"": ""Écommoy"", ""Alias_Libelle_Fronton"": ""Écommoy"", ""AgenceGC_Libelle"": ""DTG Centre Ouest"", ""RegionSNCF_Libelle"": ""REGION PAYS DE LA LOIRE"", ""UG_Libelle"": ""UG Pays de la Loire"", ""UT_Libelle"": ""ECOMMOY GARE""}";Écommoy;Écommoy;True;False;DTG Centre Ouest;REGION PAYS DE LA LOIRE;UG Pays de la Loire;ECOMMOY GARE;1;ECO;47.8246286,0.2691867
01894-1;0087396549;;Arnage;72230;008;Arnage;72;Sarthe;0.1898826;47.9285663;c;1;GARES C PAYS DE LA LOIRE;"[{""TVS_Code"": ""AAG""}]";;"{""DRG_ON"": true, ""Etrangere_ON"": false, ""NbPltf"": 1, ""Alias_Libelle_NonContraint"": ""Arnage"", ""Alias_Libelle_Fronton"": ""Arnage"", ""AgenceGC_Libelle"": ""DTG Centre Ouest"", ""RegionSNCF_Libelle"": ""REGION PAYS DE LA LOIRE"", ""UG_Libelle"": ""UG Pays de la Loire"", ""UT_Libelle"": ""ARNAGE GARE""}";Arnage;Arnage;True;False;DTG Centre Ouest;REGION PAYS DE LA LOIRE;UG Pays de la Loire;ARNAGE GARE;1;AAG;47.9285663,0.1898826
01900-1;0087396325;;La Ferté-Bernard;72400;132;Ferté-Bernard;72;Sarthe;0.639711;48.1864887;b;1;Gare La Ferté Bernard;"[{""TVS_Code"": ""LFB""}]";;"{""DRG_ON"": true, ""Etrangere_ON"": false, ""NbPltf"": 1, ""Alias_Libelle_NonContraint"": ""La Ferté-Bernard"", ""Alias_Libelle_Fronton"": ""La Ferté-Bernard"", ""AgenceGC_Libelle"": ""DTG Centre Ouest"", ""RegionSNCF_Libelle"": ""REGION PAYS DE LA LOIRE"", ""UG_Libelle"": ""UG Pays de la Loire"", ""UT_Libelle"": ""LA FERTE BERNARD GARE""}";La Ferté-Bernard;La Ferté-Bernard;True;False;DTG Centre Ouest;REGION PAYS DE LA LOIRE;UG Pays de la Loire;LA FERTE BERNARD GARE;1;LFB;48.1864887,0.639711
01902-1;0087396309;;Connerré - Beillé;72160;031;Beillé;72;Sarthe;0.48687;48.0735;b;1;Gare Connerre Beillé;"[{""TVS_Code"": ""COB""}]";;"{""DRG_ON"": true, ""Etrangere_ON"": false, ""NbPltf"": 1, ""Alias_Libelle_NonContraint"": ""Connerré - Beillé"", ""Alias_Libelle_Fronton"": ""Connerré - Beillé"", ""AgenceGC_Libelle"": ""DTG Centre Ouest"", ""RegionSNCF_Libelle"": ""REGION PAYS DE LA LOIRE"", ""UG_Libelle"": ""UG Pays de la Loire"", ""UT_Libelle"": ""CONNERRE BEILLE GARE""}";Connerré - Beillé;Connerré - Beillé;True;False;DTG Centre Ouest;REGION PAYS DE LA LOIRE;UG Pays de la Loire;CONNERRE BEILLE GARE;1;COB;48.0735,0.48687
01908-1;0087396226;;Crissé;72140;109;Crissé;72;Sarthe;-0.0659101;48.1681334;c;1;GARES C PAYS DE LA LOIRE;"[{""TVS_Code"": ""CIK""}]";;"{""DRG_ON"": true, ""Etrangere_ON"": false, ""NbPltf"": 1, ""Alias_Libelle_NonContraint"": ""Crissé"", ""Alias_Libelle_Fronton"": ""Crissé"", ""AgenceGC_Libelle"": ""DTG Centre Ouest"", ""RegionSNCF_Libelle"": ""REGION PAYS DE LA LOIRE"", ""UG_Libelle"": ""UG Pays de la Loire"", ""UT_Libelle"": ""CRISSE GARE""}";Crissé;Crissé;True;False;DTG Centre Ouest;REGION PAYS DE LA LOIRE;UG Pays de la Loire;CRISSE GARE;1;CIK;48.1681334,-0.0659101
01911-1;0087396093;;La Hutte Coulombiers;72130;284;Saint-Germain-sur-Sarthe;72;Sarthe;0.1056788;48.303495;c;1;GARES C PAYS DE LA LOIRE;"[{""TVS_Code"": ""LHU""}]";;"{""DRG_ON"": true, ""Etrangere_ON"": false, ""NbPltf"": 1, ""Alias_Libelle_NonContraint"": ""La Hutte Coulombiers"", ""Alias_Libelle_Fronton"": ""La Hutte Coulombiers"", ""AgenceGC_Libelle"": ""DTG Centre Ouest"", ""RegionSNCF_Libelle"": ""REGION PAYS DE LA LOIRE"", ""UG_Libelle"": ""UG Pays de la Loire"", ""UT_Libelle"": ""LA HUTTE COULOMBIERS GARE""}";La Hutte Coulombiers;La Hutte Coulombiers;True;False;DTG Centre Ouest;REGION PAYS DE LA LOIRE;UG Pays de la Loire;LA HUTTE COULOMBIERS GARE;1;LHU;48.303495,0.1056788
01526-1;0087487892;;Saint-Mathurin-sur-Loire;49250;307;Loire-Authion;49;Maine-et-Loire;-0.3182267;47.4122473;c;1;GARES C PAYS DE LA LOIRE;"[{""TVS_Code"": ""SNZ""}]";;"{""DRG_ON"": true, ""Etrangere_ON"": false, ""NbPltf"": 1, ""Alias_Libelle_NonContraint"": ""Saint-Mathurin-sur-Loire"", ""Alias_Libelle_Fronton"": ""Saint-Mathurin"", ""AgenceGC_Libelle"": ""DTG Centre Ouest"", ""RegionSNCF_Libelle"": ""REGION PAYS DE LA LOIRE"", ""UG_Libelle"": ""UG Pays de la Loire"", ""UT_Libelle"": ""SAINT MATHURIN GARE""}";Saint-Mathurin-sur-Loire;Saint-Mathurin;True;False;DTG Centre Ouest;REGION PAYS DE LA LOIRE;UG Pays de la Loire;SAINT MATHURIN GARE;1;SNZ;47.4122473,-0.3182267
01527-1;0087487884;;La Ménitré;49250;201;Ménitré;49;Maine-et-Loire;-0.275818;47.397422;b;1;Gare La Ménitré;"[{""TVS_Code"": ""MEQ""}]";;"{""DRG_ON"": true, ""Etrangere_ON"": false, ""NbPltf"": 1, ""Alias_Libelle_NonContraint"": ""La Ménitré"", ""Alias_Libelle_Fronton"": ""La Ménitré"", ""AgenceGC_Libelle"": ""DTG Centre Ouest"", ""RegionSNCF_Libelle"": ""REGION PAYS DE LA LOIRE"", ""UG_Libelle"": ""UG Pays de la Loire"", ""UT_Libelle"": ""LA MENITRE GARE""}";La Ménitré;La Ménitré;True;False;DTG Centre Ouest;REGION PAYS DE LA LOIRE;UG Pays de la Loire;LA MENITRE GARE;1;MEQ;47.397422,-0.275818
01528-1;0087487876;;Les Rosiers-sur-Loire;49350;261;Gennes-Val-de-Loire;49;Maine-et-Loire;-0.2205371;47.3625386;c;1;GARES C PAYS DE LA LOIRE;"[{""TVS_Code"": ""ROR""}]";;"{""DRG_ON"": true, ""Etrangere_ON"": false, ""NbPltf"": 1, ""Alias_Libelle_NonContraint"": ""Les Rosiers-sur-Loire"", ""Alias_Libelle_Fronton"": ""Les Rosiers-sur-Loire"", ""AgenceGC_Libelle"": ""DTG Centre Ouest"", ""RegionSNCF_Libelle"": ""REGION PAYS DE LA LOIRE"", ""UG_Libelle"": ""UG Pays de la Loire"", ""UT_Libelle"": ""LES ROSIERS SUR LOIRE GARE""}";Les Rosiers-sur-Loire;Les Rosiers-sur-Loire;True;False;DTG Centre Ouest;REGION PAYS DE LA LOIRE;UG Pays de la Loire;LES ROSIERS SUR LOIRE GARE;1;ROR;47.3625386,-0.2205371
01529-1;0087487843;;La Bohalle;49800;307;Loire-Authion;49;Maine-et-Loire;-0.4000426;47.4342356;c;1;GARES C PAYS DE LA LOIRE;"[{""TVS_Code"": ""WBH""}]";;"{""DRG_ON"": true, ""Etrangere_ON"": false, ""NbPltf"": 1, ""Alias_Libelle_NonContraint"": ""La Bohalle"", ""Alias_Libelle_Fronton"": ""La Bohalle"", ""AgenceGC_Libelle"": ""DTG Centre Ouest"", ""RegionSNCF_Libelle"": ""REGION PAYS DE LA LOIRE"", ""UG_Libelle"": ""UG Pays de la Loire"", ""UT_Libelle"": ""LA BOHALLE GARE""}";La Bohalle;La Bohalle;True;False;DTG Centre Ouest;REGION PAYS DE LA LOIRE;UG Pays de la Loire;LA BOHALLE GARE;1;WBH;47.4342356,-0.4000426
01534-1;0087487249;;Bressuire;79300;049;Bressuire;79;Deux-Sèvres;-0.4963269;46.8384462;c;1;GARES C POITOU CHARENTES;"[{""TVS_Code"": ""BRS""}]";;"{""DRG_ON"": true, ""Etrangere_ON"": false, ""NbPltf"": 1, ""Alias_Libelle_NonContraint"": ""Bressuire"", ""Alias_Libelle_Fronton"": ""Bressuire"", ""AgenceGC_Libelle"": ""DTG Nouvelle Aquitaine"", ""RegionSNCF_Libelle"": ""REGION PAYS DE LA LOIRE"", ""UG_Libelle"": ""UG Poitou-Charentes"", ""UT_Libelle"": ""BRESSUIRE GARE""}";Bressuire;Bressuire;True;False;DTG Nouvelle Aquitaine;REGION PAYS DE LA LOIRE;UG Poitou-Charentes;BRESSUIRE GARE;1;BRS;46.8384462,-0.4963269
01536-1;0087486894;;Torfou-Sèvremoine;49660;301;Sèvremoine;49;Maine-et-Loire;-1.1173797;47.0331153;c;1;GARES C PAYS DE LA LOIRE;"[{""TVS_Code"": ""TFU""}]";;"{""DRG_ON"": true, ""Etrangere_ON"": false, ""NbPltf"": 1, ""Alias_Libelle_NonContraint"": ""Torfou-Sèvremoine"", ""Alias_Libelle_Fronton"": ""Torfou"", ""AgenceGC_Libelle"": ""DTG Centre Ouest"", ""RegionSNCF_Libelle"": ""REGION PAYS DE LA LOIRE"", ""UG_Libelle"": ""UG Pays de la Loire"", ""UT_Libelle"": ""TORFOU TIFFAUGES GARE""}";Torfou-Sèvremoine;Torfou;True;False;DTG Centre Ouest;REGION PAYS DE LA LOIRE;UG Pays de la Loire;TORFOU TIFFAUGES GARE;1;TFU;47.0331153,-1.1173797
01537-1;0087486571;;Saint-Gilles-Croix-de-Vie;85800;222;Saint-Gilles-Croix-de-Vie;85;Vendée;-1.941296;46.696466;c;1;GARES C PAYS DE LA LOIRE;"[{""TVS_Code"": ""SGV""}]";;"{""DRG_ON"": true, ""Etrangere_ON"": false, ""NbPltf"": 1, ""Alias_Libelle_NonContraint"": ""Saint-Gilles-Croix-de-Vie"", ""Alias_Libelle_Fronton"": ""Saint-Gilles-Croix-de-Vie"", ""AgenceGC_Libelle"": ""DTG Centre Ouest"", ""RegionSNCF_Libelle"": ""REGION PAYS DE LA LOIRE"", ""UG_Libelle"": ""UG Pays de la Loire"", ""UT_Libelle"": ""SAINT GILLES CROIX DE VIE GARE""}";Saint-Gilles-Croix-de-Vie;Saint-Gilles-Croix-de-Vie;True;False;DTG Centre Ouest;REGION PAYS DE LA LOIRE;UG Pays de la Loire;SAINT GILLES CROIX DE VIE GARE;1;SGV;46.696466,-1.941296
01544-1;0087486324;;Bournezeau;85480;034;Bournezeau;85;Vendée;-1.1806169;46.6518258;c;1;GARES C PAYS DE LA LOIRE;"[{""TVS_Code"": ""BNZ""}]";;"{""DRG_ON"": true, ""Etrangere_ON"": false, ""NbPltf"": 1, ""Alias_Libelle_NonContraint"": ""Bournezeau"", ""Alias_Libelle_Fronton"": ""Bournezeau"", ""AgenceGC_Libelle"": ""DTG Centre Ouest"", ""RegionSNCF_Libelle"": ""REGION PAYS DE LA LOIRE"", ""UG_Libelle"": ""UG Pays de la Loire"", ""UT_Libelle"": ""BOURNEZEAU GARE""}";Bournezeau;Bournezeau;True;False;DTG Centre Ouest;REGION PAYS DE LA LOIRE;UG Pays de la Loire;BOURNEZEAU GARE;1;BNZ;46.6518258,-1.1806169
01574-1;0087484352;;Champtocé-sur-Loire;49123;068;Champtocé-sur-Loire;49;Maine-et-Loire;-0.8685747;47.4102457;c;1;GARES C PAYS DE LA LOIRE;"[{""TVS_Code"": ""CWL""}]";;"{""DRG_ON"": true, ""Etrangere_ON"": false, ""NbPltf"": 1, ""Alias_Libelle_NonContraint"": ""Champtocé-sur-Loire"", ""Alias_Libelle_Fronton"": ""Champtocé-sur-Loire"", ""AgenceGC_Libelle"": ""DTG Centre Ouest"", ""RegionSNCF_Libelle"": ""REGION PAYS DE LA LOIRE"", ""UG_Libelle"": ""UG Pays de la Loire"", ""UT_Libelle"": ""CHAMPTOCE SUR LOIRE HALTE""}";Champtocé-sur-Loire;Champtocé-sur-Loire;True;False;DTG Centre Ouest;REGION PAYS DE LA LOIRE;UG Pays de la Loire;CHAMPTOCE SUR LOIRE HALTE;1;CWL;47.4102457,-0.8685747
01578-1;0087484246;;Chemillé-en-Anjou;49120;092;Chemillé-en-Anjou;49;Maine-et-Loire;-0.731989;47.217748;b;1;Gare Chemillé;"[{""TVS_Code"": ""CHE""}]";;"{""DRG_ON"": true, ""Etrangere_ON"": false, ""NbPltf"": 1, ""Alias_Libelle_NonContraint"": ""Chemillé-en-Anjou"", ""Alias_Libelle_Fronton"": ""Chemillé"", ""AgenceGC_Libelle"": ""DTG Centre Ouest"", ""RegionSNCF_Libelle"": ""REGION PAYS DE LA LOIRE"", ""UG_Libelle"": ""UG Pays de la Loire"", ""UT_Libelle"": ""CHEMILLE GARE""}";Chemillé-en-Anjou;Chemillé;True;False;DTG Centre Ouest;REGION PAYS DE LA LOIRE;UG Pays de la Loire;CHEMILLE GARE;1;CHE;47.217748,-0.731989
01579-1;0087484204;;Chalonnes-sur-Loire;49290;063;Chalonnes-sur-Loire;49;Maine-et-Loire;-0.74306;47.34306;b;1;Gare Chalonnes;"[{""TVS_Code"": ""CCE""}]";;"{""DRG_ON"": true, ""Etrangere_ON"": false, ""NbPltf"": 1, ""Alias_Libelle_NonContraint"": ""Chalonnes-sur-Loire"", ""Alias_Libelle_Fronton"": ""Chalonnes"", ""AgenceGC_Libelle"": ""DTG Centre Ouest"", ""RegionSNCF_Libelle"": ""REGION PAYS DE LA LOIRE"", ""UG_Libelle"": ""UG Pays de la Loire"", ""UT_Libelle"": ""CHALONNES GARE""}";Chalonnes-sur-Loire;Chalonnes;True;False;DTG Centre Ouest;REGION PAYS DE LA LOIRE;UG Pays de la Loire;CHALONNES GARE;1;CCE;47.34306,-0.74306
01580-1;0087484170;;Morannes;49640;220;Morannes sur Sarthe-Daumeray;49;Maine-et-Loire;-0.4179693;47.7390902;c;1;GARES C PAYS DE LA LOIRE;"[{""TVS_Code"": ""MNS""}]";;"{""DRG_ON"": true, ""Etrangere_ON"": false, ""NbPltf"": 1, ""Alias_Libelle_NonContraint"": ""Morannes"", ""Alias_Libelle_Fronton"": ""Morannes"", ""AgenceGC_Libelle"": ""DTG Centre Ouest"", ""RegionSNCF_Libelle"": ""REGION PAYS DE LA LOIRE"", ""UG_Libelle"": ""UG Pays de la Loire"", ""UT_Libelle"": ""MORANNES GARE""}";Morannes;Morannes;True;False;DTG Centre Ouest;REGION PAYS DE LA LOIRE;UG Pays de la Loire;MORANNES GARE;1;MNS;47.7390902,-0.4179693
01585-1;0087484048;;Angers Maître École;49000;007;Angers;49;Maine-et-Loire;-0.531894;47.4670899;c;1;GARES C PAYS DE LA LOIRE;"[{""TVS_Code"": ""AME""}]";;"{""DRG_ON"": true, ""Etrangere_ON"": false, ""NbPltf"": 1, ""Alias_Libelle_NonContraint"": ""Angers Maître École"", ""Alias_Libelle_Fronton"": ""Angers Maître École"", ""AgenceGC_Libelle"": ""DTG Centre Ouest"", ""RegionSNCF_Libelle"": ""REGION PAYS DE LA LOIRE"", ""UG_Libelle"": ""UG Pays de la Loire"", ""UT_Libelle"": ""ANGERS MAITRE ECOLE GARE""}";Angers Maître École;Angers Maître École;True;False;DTG Centre Ouest;REGION PAYS DE LA LOIRE;UG Pays de la Loire;ANGERS MAITRE ECOLE GARE;1;AME;47.4670899,-0.531894
01606-1;0087590828;;Sucé-sur-Erdre;44240;201;Sucé-sur-Erdre;44;Loire-Atlantique;-1.5299873;47.3431347;b;1;GARES C PAYS DE LA LOIRE;"[{""TVS_Code"": ""SUF""}]";;"{""DRG_ON"": true, ""Etrangere_ON"": false, ""NbPltf"": 1, ""Alias_Libelle_NonContraint"": ""Sucé-sur-Erdre"", ""Alias_Libelle_Fronton"": ""Sucé-sur-Erdre"", ""AgenceGC_Libelle"": ""DTG Centre Ouest"", ""RegionSNCF_Libelle"": ""REGION PAYS DE LA LOIRE"", ""UG_Libelle"": ""UG Pays de la Loire"", ""UT_Libelle"": ""SUCE GARE""}";Sucé-sur-Erdre;Sucé-sur-Erdre;True;False;DTG Centre Ouest;REGION PAYS DE LA LOIRE;UG Pays de la Loire;SUCE GARE;1;SUF;47.3431347,-1.5299873
01620-1;0087481242;;Bourgneuf-en-Retz;44580;021;Villeneuve-en-Retz;44;Loire-Atlantique;-1.9551942;47.0469634;c;1;GARES C PAYS DE LA LOIRE;"[{""TVS_Code"": ""BGZ""}]";;"{""DRG_ON"": true, ""Etrangere_ON"": false, ""NbPltf"": 1, ""Alias_Libelle_NonContraint"": ""Bourgneuf-en-Retz"", ""Alias_Libelle_Fronton"": ""Bourgneuf-en-Retz"", ""AgenceGC_Libelle"": ""DTG Centre Ouest"", ""RegionSNCF_Libelle"": ""REGION PAYS DE LA LOIRE"", ""UG_Libelle"": ""UG Pays de la Loire"", ""UT_Libelle"": ""BOURGNEUF EN RETZ GARE""}";Bourgneuf-en-Retz;Bourgneuf-en-Retz;True;False;DTG Centre Ouest;REGION PAYS DE LA LOIRE;UG Pays de la Loire;BOURGNEUF EN RETZ GARE;1;BGZ;47.0469634,-1.9551942
01622-1;0087481226;;Sainte-Pazanne;44680;186;Sainte-Pazanne;44;Loire-Atlantique;-1.8138744;47.1055419;b;1;GARE SAINTE-PAZANNE;"[{""TVS_Code"": ""SPZ""}]";;"{""DRG_ON"": true, ""Etrangere_ON"": false, ""NbPltf"": 1, ""Alias_Libelle_NonContraint"": ""Sainte-Pazanne"", ""Alias_Libelle_Fronton"": ""Sainte-Pazanne"", ""AgenceGC_Libelle"": ""DTG Centre Ouest"", ""RegionSNCF_Libelle"": ""REGION PAYS DE LA LOIRE"", ""UG_Libelle"": ""UG Pays de la Loire"", ""UT_Libelle"": ""SAINTE PAZANNE GARE""}";Sainte-Pazanne;Sainte-Pazanne;True;False;DTG Centre Ouest;REGION PAYS DE LA LOIRE;UG Pays de la Loire;SAINTE PAZANNE GARE;1;SPZ;47.1055419,-1.8138744
01624-1;0087481200;;Bouaye;44830;018;Bouaye;44;Loire-Atlantique;-1.6810992;47.1380806;c;1;GARES C PAYS DE LA LOIRE;"[{""TVS_Code"": ""BLQ""}]";;"{""DRG_ON"": true, ""Etrangere_ON"": false, ""NbPltf"": 1, ""Alias_Libelle_NonContraint"": ""Bouaye"", ""Alias_Libelle_Fronton"": ""Bouaye"", ""AgenceGC_Libelle"": ""DTG Centre Ouest"", ""RegionSNCF_Libelle"": ""REGION PAYS DE LA LOIRE"", ""UG_Libelle"": ""UG Pays de la Loire"", ""UT_Libelle"": ""BOUAYE GARE""}";Bouaye;Bouaye;True;False;DTG Centre Ouest;REGION PAYS DE LA LOIRE;UG Pays de la Loire;BOUAYE GARE;1;BLQ;47.1380806,-1.6810992
01631-1;0087481069;;La Basse Indre - Saint-Herblain;44610;162;Saint-Herblain;44;Loire-Atlantique;-1.6603088;47.2040872;c;1;GARES C PAYS DE LA LOIRE;"[{""TVS_Code"": ""LBI""}]";;"{""DRG_ON"": true, ""Etrangere_ON"": false, ""NbPltf"": 1, ""Alias_Libelle_NonContraint"": ""La Basse Indre - Saint-Herblain"", ""Alias_Libelle_Fronton"": ""La Basse Indre - Saint-Herblain"", ""AgenceGC_Libelle"": ""DTG Centre Ouest"", ""RegionSNCF_Libelle"": ""REGION PAYS DE LA LOIRE"", ""UG_Libelle"": ""UG Pays de la Loire"", ""UT_Libelle"": ""LA BASSE INDRE ST HERBLAIN GARE""}";La Basse Indre - Saint-Herblain;La Basse Indre - Saint-Herblain;True;False;DTG Centre Ouest;REGION PAYS DE LA LOIRE;UG Pays de la Loire;LA BASSE INDRE ST HERBLAIN GARE;1;LBI;47.2040872,-1.6603088
01633-1;0087481036;;Rezé Pont Rousseau;44400;143;Rezé;44;Loire-Atlantique;-1.5495445;47.1932425;b;1;GARE REZE PONT ROUSSEAU;"[{""TVS_Code"": ""RPT""}]";;"{""DRG_ON"": true, ""Etrangere_ON"": false, ""NbPltf"": 1, ""Alias_Libelle_NonContraint"": ""Rezé Pont Rousseau"", ""Alias_Libelle_Fronton"": ""Rezé Pont Rousseau"", ""AgenceGC_Libelle"": ""DTG Centre Ouest"", ""RegionSNCF_Libelle"": ""REGION PAYS DE LA LOIRE"", ""UG_Libelle"": ""UG Pays de la Loire"", ""UT_Libelle"": ""REZE PONT ROUSSEAU GARE""}";Rezé Pont Rousseau;Rezé Pont Rousseau;True;False;DTG Centre Ouest;REGION PAYS DE LA LOIRE;UG Pays de la Loire;REZE PONT ROUSSEAU GARE;1;RPT;47.1932425,-1.5495445
01640-1;0087478545;;Neau;53150;163;Neau;53;Mayenne;-0.4766725;48.1574807;c;1;GARES C PAYS DE LA LOIRE;"[{""TVS_Code"": ""NEA""}]";;"{""DRG_ON"": true, ""Etrangere_ON"": false, ""NbPltf"": 1, ""Alias_Libelle_NonContraint"": ""Neau"", ""Alias_Libelle_Fronton"": ""Neau"", ""AgenceGC_Libelle"": ""DTG Centre Ouest"", ""RegionSNCF_Libelle"": ""REGION PAYS DE LA LOIRE"", ""UG_Libelle"": ""UG Pays de la Loire"", ""UT_Libelle"": ""NEAU GARE""}";Neau;Neau;True;False;DTG Centre Ouest;REGION PAYS DE LA LOIRE;UG Pays de la Loire;NEAU GARE;1;NEA;48.1574807,-0.4766725
01888-1;0087396606;;Château-du-Loir;72500;071;Montval-sur-Loir;72;Sarthe;0.414912;47.683392;b;1;Gare Château du Loir;"[{""TVS_Code"": ""CDL""}]";;"{""DRG_ON"": true, ""Etrangere_ON"": false, ""NbPltf"": 1, ""Alias_Libelle_NonContraint"": ""Château-du-Loir"", ""Alias_Libelle_Fronton"": ""Château-du-Loir"", ""AgenceGC_Libelle"": ""DTG Centre Ouest"", ""RegionSNCF_Libelle"": ""REGION PAYS DE LA LOIRE"", ""UG_Libelle"": ""UG Pays de la Loire"", ""UT_Libelle"": ""CHATEAU DU LOIR P GARE""}";Château-du-Loir;Château-du-Loir;True;False;DTG Centre Ouest;REGION PAYS DE LA LOIRE;UG Pays de la Loire;CHATEAU DU LOIR P GARE;1;CDL;47.683392,0.414912
01889-1;0087396598;;Vaas;72500;364;Vaas;72;Sarthe;0.3165096;47.6707702;c;1;GARES C PAYS DE LA LOIRE;"[{""TVS_Code"": ""VAH""}]";;"{""DRG_ON"": true, ""Etrangere_ON"": false, ""NbPltf"": 1, ""Alias_Libelle_NonContraint"": ""Vaas"", ""Alias_Libelle_Fronton"": ""Vaas"", ""AgenceGC_Libelle"": ""DTG Centre Ouest"", ""RegionSNCF_Libelle"": ""REGION PAYS DE LA LOIRE"", ""UG_Libelle"": ""UG Pays de la Loire"", ""UT_Libelle"": ""VAAS GARE""}";Vaas;Vaas;True;False;DTG Centre Ouest;REGION PAYS DE LA LOIRE;UG Pays de la Loire;VAAS GARE;1;VAH;47.6707702,0.3165096
01893-1;0087396556;;Laigné - Saint-Gervais;72220;287;Saint-Gervais-en-Belin;72;Sarthe;0.2172097;47.8740074;c;1;GARES C PAYS DE LA LOIRE;"[{""TVS_Code"": ""LSG""}]";;"{""DRG_ON"": true, ""Etrangere_ON"": false, ""NbPltf"": 1, ""Alias_Libelle_NonContraint"": ""Laigné - Saint-Gervais"", ""Alias_Libelle_Fronton"": ""Laigné - Saint-Gervais"", ""AgenceGC_Libelle"": ""DTG Centre Ouest"", ""RegionSNCF_Libelle"": ""REGION PAYS DE LA LOIRE"", ""UG_Libelle"": ""UG Pays de la Loire"", ""UT_Libelle"": ""LAIGNE ST GERVAIS GARE""}";Laigné - Saint-Gervais;Laigné - Saint-Gervais;True;False;DTG Centre Ouest;REGION PAYS DE LA LOIRE;UG Pays de la Loire;LAIGNE ST GERVAIS GARE;1;LSG;47.8740074,0.2172097
01903-1;0087396291;;Montfort-le-Gesnois;72450;241;Montfort-le-Gesnois;72;Sarthe;0.4064237;48.0405657;c;1;GARES C PAYS DE LA LOIRE;"[{""TVS_Code"": ""MLG""}]";;"{""DRG_ON"": true, ""Etrangere_ON"": false, ""NbPltf"": 1, ""Alias_Libelle_NonContraint"": ""Montfort-le-Gesnois"", ""Alias_Libelle_Fronton"": ""Montfort-le-Gesnois"", ""AgenceGC_Libelle"": ""DTG Centre Ouest"", ""RegionSNCF_Libelle"": ""REGION PAYS DE LA LOIRE"", ""UG_Libelle"": ""UG Pays de la Loire"", ""UT_Libelle"": ""PONT DE GENNES MONTFORT P GARE""}";Montfort-le-Gesnois;Montfort-le-Gesnois;True;False;DTG Centre Ouest;REGION PAYS DE LA LOIRE;UG Pays de la Loire;PONT DE GENNES MONTFORT P GARE;1;MLG;48.0405657,0.4064237
01914-1;0087396044;;Montbizot;72380;205;Montbizot;72;Sarthe;0.1908607;48.151513;c;1;GARES C PAYS DE LA LOIRE;"[{""TVS_Code"": ""MBZ""}]";;"{""DRG_ON"": true, ""Etrangere_ON"": false, ""NbPltf"": 1, ""Alias_Libelle_NonContraint"": ""Montbizot"", ""Alias_Libelle_Fronton"": ""Montbizot"", ""AgenceGC_Libelle"": ""DTG Centre Ouest"", ""RegionSNCF_Libelle"": ""REGION PAYS DE LA LOIRE"", ""UG_Libelle"": ""UG Pays de la Loire"", ""UT_Libelle"": ""MONTBIZOT GARE""}";Montbizot;Montbizot;True;False;DTG Centre Ouest;REGION PAYS DE LA LOIRE;UG Pays de la Loire;MONTBIZOT GARE;1;MBZ;48.151513,0.1908607
01915-1;0087396036;;La Guierche;72380;147;Guierche;72;Sarthe;0.1931016;48.1138773;c;1;GARES C PAYS DE LA LOIRE;"[{""TVS_Code"": ""GUH""}]";;"{""DRG_ON"": true, ""Etrangere_ON"": false, ""NbPltf"": 1, ""Alias_Libelle_NonContraint"": ""La Guierche"", ""Alias_Libelle_Fronton"": ""La Guierche"", ""AgenceGC_Libelle"": ""DTG Centre Ouest"", ""RegionSNCF_Libelle"": ""REGION PAYS DE LA LOIRE"", ""UG_Libelle"": ""UG Pays de la Loire"", ""UT_Libelle"": ""LA GUIERCHE GARE""}";La Guierche;La Guierche;True;False;DTG Centre Ouest;REGION PAYS DE LA LOIRE;UG Pays de la Loire;LA GUIERCHE GARE;1;GUH;48.1138773,0.1931016
02102-1;0087354597;;Saint-Sébastien Frêne Rond;44230;190;Saint-Sébastien-sur-Loire;44;Loire-Atlantique;-1.4957437;47.1903914;c;1;GARES C PAYS DE LA LOIRE;"[{""TVS_Code"": ""XTD""}]";;"{""DRG_ON"": true, ""Etrangere_ON"": false, ""NbPltf"": 1, ""Alias_Libelle_NonContraint"": ""Saint-Sébastien Frêne Rond"", ""Alias_Libelle_Fronton"": ""Saint-Sébastien Frêne Rond"", ""AgenceGC_Libelle"": ""DTG Centre Ouest"", ""RegionSNCF_Libelle"": ""REGION PAYS DE LA LOIRE"", ""UG_Libelle"": ""UG Pays de la Loire"", ""UT_Libelle"": ""LE FRENE ROND HALTE""}";Saint-Sébastien Frêne Rond;Saint-Sébastien Frêne Rond;True;False;DTG Centre Ouest;REGION PAYS DE LA LOIRE;UG Pays de la Loire;LE FRENE ROND HALTE;1;XTD;47.1903914,-1.4957437
01206-1;0087590364;;La Chapelle - Aulnay;44240;035;Chapelle-sur-Erdre;44;Loire-Atlantique;-1.5414844;47.3087224;c;1;GARES C PAYS DE LA LOIRE;"[{""TVS_Code"": ""CVM""}]";;"{""DRG_ON"": true, ""Etrangere_ON"": false, ""NbPltf"": 1, ""Alias_Libelle_NonContraint"": ""La Chapelle - Aulnay"", ""Alias_Libelle_Fronton"": ""La Chapelle - Aulnay"", ""AgenceGC_Libelle"": ""DTG Centre Ouest"", ""RegionSNCF_Libelle"": ""REGION PAYS DE LA LOIRE"", ""UG_Libelle"": ""UG Pays de la Loire"", ""UT_Libelle"": null}";La Chapelle - Aulnay;La Chapelle - Aulnay;True;False;DTG Centre Ouest;REGION PAYS DE LA LOIRE;UG Pays de la Loire;;1;CVM;47.3087224,-1.5414844
01532-1;0087487314;;Pouzauges;85700;182;Pouzauges;85;Vendée;-0.8146784;46.7523536;c;1;GARES C PAYS DE LA LOIRE;"[{""TVS_Code"": ""PZK""}]";;"{""DRG_ON"": true, ""Etrangere_ON"": false, ""NbPltf"": 1, ""Alias_Libelle_NonContraint"": ""Pouzauges"", ""Alias_Libelle_Fronton"": ""Pouzauges"", ""AgenceGC_Libelle"": ""DTG Centre Ouest"", ""RegionSNCF_Libelle"": ""REGION PAYS DE LA LOIRE"", ""UG_Libelle"": ""UG Pays de la Loire"", ""UT_Libelle"": ""POUZAUGES GARE""}";Pouzauges;Pouzauges;True;False;DTG Centre Ouest;REGION PAYS DE LA LOIRE;UG Pays de la Loire;POUZAUGES GARE;1;PZK;46.7523536,-0.8146784
01540-1;0087486431;;Olonne-sur-Mer;85340;166;Olonne-sur-Mer;85;Vendée;-1.76738;46.5486605;c;1;GARES C PAYS DE LA LOIRE;"[{""TVS_Code"": ""OSM""}]";;"{""DRG_ON"": true, ""Etrangere_ON"": false, ""NbPltf"": 1, ""Alias_Libelle_NonContraint"": ""Olonne-sur-Mer"", ""Alias_Libelle_Fronton"": ""Olonne-sur-Mer"", ""AgenceGC_Libelle"": ""DTG Centre Ouest"", ""RegionSNCF_Libelle"": ""REGION PAYS DE LA LOIRE"", ""UG_Libelle"": ""UG Pays de la Loire"", ""UT_Libelle"": ""OLONNE SUR MER GARE""}";Olonne-sur-Mer;Olonne-sur-Mer;True;False;DTG Centre Ouest;REGION PAYS DE LA LOIRE;UG Pays de la Loire;OLONNE SUR MER GARE;1;OSM;46.5486605,-1.76738
01543-1;0087486332;;Chantonnay;85110;051;Chantonnay;85;Vendée;-1.0544144;46.6898472;c;1;GARES C PAYS DE LA LOIRE;"[{""TVS_Code"": ""CTO""}]";;"{""DRG_ON"": true, ""Etrangere_ON"": false, ""NbPltf"": 1, ""Alias_Libelle_NonContraint"": ""Chantonnay"", ""Alias_Libelle_Fronton"": ""Chantonnay"", ""AgenceGC_Libelle"": ""DTG Centre Ouest"", ""RegionSNCF_Libelle"": ""REGION PAYS DE LA LOIRE"", ""UG_Libelle"": ""UG Pays de la Loire"", ""UT_Libelle"": ""CHANTONNAY GARE""}";Chantonnay;Chantonnay;True;False;DTG Centre Ouest;REGION PAYS DE LA LOIRE;UG Pays de la Loire;CHANTONNAY GARE;1;CTO;46.6898472,-1.0544144
01545-1;0087486316;;Fougeré;85480;093;Fougeré;85;Vendée;-1.2319718;46.6653044;c;1;GARES C PAYS DE LA LOIRE;"[{""TVS_Code"": ""FUE""}]";;"{""DRG_ON"": true, ""Etrangere_ON"": false, ""NbPltf"": 1, ""Alias_Libelle_NonContraint"": ""Fougeré"", ""Alias_Libelle_Fronton"": ""Fougeré"", ""AgenceGC_Libelle"": ""DTG Centre Ouest"", ""RegionSNCF_Libelle"": ""REGION PAYS DE LA LOIRE"", ""UG_Libelle"": ""UG Pays de la Loire"", ""UT_Libelle"": ""FOUGERE GARE""}";Fougeré;Fougeré;True;False;DTG Centre Ouest;REGION PAYS DE LA LOIRE;UG Pays de la Loire;FOUGERE GARE;1;FUE;46.6653044,-1.2319718
01577-1;0087484303;;Cholet;49280;099;Cholet;49;Maine-et-Loire;-0.869583;47.065698;b;2;Gare Cholet;"[{""TVS_Code"": ""CHT""}]";;"{""DRG_ON"": true, ""Etrangere_ON"": false, ""NbPltf"": 1, ""Alias_Libelle_NonContraint"": ""Cholet"", ""Alias_Libelle_Fronton"": ""Cholet"", ""AgenceGC_Libelle"": ""DTG Centre Ouest"", ""RegionSNCF_Libelle"": ""REGION PAYS DE LA LOIRE"", ""UG_Libelle"": ""UG Pays de la Loire"", ""UT_Libelle"": ""CHOLET GARE""}";Cholet;Cholet;True;False;DTG Centre Ouest;REGION PAYS DE LA LOIRE;UG Pays de la Loire;CHOLET GARE;1;CHT;47.065698,-0.869583
01583-1;0087484139;;Le Vieux Briollay;49125;048;Briollay;49;Maine-et-Loire;-0.4829396;47.5739696;c;1;GARES C PAYS DE LA LOIRE;"[{""TVS_Code"": ""VXB""}]";;"{""DRG_ON"": true, ""Etrangere_ON"": false, ""NbPltf"": 1, ""Alias_Libelle_NonContraint"": ""Le Vieux Briollay"", ""Alias_Libelle_Fronton"": ""Le Vieux Briollay"", ""AgenceGC_Libelle"": ""DTG Centre Ouest"", ""RegionSNCF_Libelle"": ""REGION PAYS DE LA LOIRE"", ""UG_Libelle"": ""UG Pays de la Loire"", ""UT_Libelle"": ""LE VIEUX BRIOLLAY GARE""}";Le Vieux Briollay;Le Vieux Briollay;True;False;DTG Centre Ouest;REGION PAYS DE LA LOIRE;UG Pays de la Loire;LE VIEUX BRIOLLAY GARE;1;VXB;47.5739696,-0.4829396
01595-1;0087481754;;La Baule-Escoublac;44500;055;Baule-Escoublac;44;Loire-Atlantique;-2.389102;47.288690;a;2;GARE LA BAULE ESCOUBLAC;"[{""TVS_Code"": ""LBE""}]";;"{""DRG_ON"": true, ""Etrangere_ON"": false, ""NbPltf"": 1, ""Alias_Libelle_NonContraint"": ""La Baule-Escoublac"", ""Alias_Libelle_Fronton"": ""La Baule-Escoublac"", ""AgenceGC_Libelle"": ""DTG Centre Ouest"", ""RegionSNCF_Libelle"": ""REGION PAYS DE LA LOIRE"", ""UG_Libelle"": ""UG Pays de la Loire"", ""UT_Libelle"": ""LA BAULE ESCOUBLAC GARE""}";La Baule-Escoublac;La Baule-Escoublac;True;False;DTG Centre Ouest;REGION PAYS DE LA LOIRE;UG Pays de la Loire;LA BAULE ESCOUBLAC GARE;1;LBE;47.28869,-2.389102
01598-1;0087481713;;Montoir-de-Bretagne;44550;103;Montoir-de-Bretagne;44;Loire-Atlantique;-2.1616777;47.3210164;c;1;GARES C PAYS DE LA LOIRE;"[{""TVS_Code"": ""MDB""}]";;"{""DRG_ON"": true, ""Etrangere_ON"": false, ""NbPltf"": 1, ""Alias_Libelle_NonContraint"": ""Montoir-de-Bretagne"", ""Alias_Libelle_Fronton"": ""Montoir-de-Bretagne"", ""AgenceGC_Libelle"": ""DTG Centre Ouest"", ""RegionSNCF_Libelle"": ""REGION PAYS DE LA LOIRE"", ""UG_Libelle"": ""UG Pays de la Loire"", ""UT_Libelle"": ""MONTOIR DE BRETAGNE GARE""}";Montoir-de-Bretagne;Montoir-de-Bretagne;True;False;DTG Centre Ouest;REGION PAYS DE LA LOIRE;UG Pays de la Loire;MONTOIR DE BRETAGNE GARE;1;MDB;47.3210164,-2.1616777
01603-1;0087481622;;Issé;44520;075;Issé;44;Loire-Atlantique;-1.45068;47.6268289;c;1;GARES C PAYS DE LA LOIRE;"[{""TVS_Code"": ""ISE""}]";;"{""DRG_ON"": true, ""Etrangere_ON"": false, ""NbPltf"": 1, ""Alias_Libelle_NonContraint"": ""Issé"", ""Alias_Libelle_Fronton"": ""Issé"", ""AgenceGC_Libelle"": ""DTG Centre Ouest"", ""RegionSNCF_Libelle"": ""REGION PAYS DE LA LOIRE"", ""UG_Libelle"": ""UG Pays de la Loire"", ""UT_Libelle"": ""ISSE GARE""}";Issé;Issé;True;False;DTG Centre Ouest;REGION PAYS DE LA LOIRE;UG Pays de la Loire;ISSE GARE;1;ISE;47.6268289,-1.45068
01616-1;0087481366;;Machecoul;44270;087;Machecoul-Saint-Même;44;Loire-Atlantique;-1.8227524;46.9905038;c;1;GARES C PAYS DE LA LOIRE;"[{""TVS_Code"": ""MCC""}]";;"{""DRG_ON"": true, ""Etrangere_ON"": false, ""NbPltf"": 1, ""Alias_Libelle_NonContraint"": ""Machecoul"", ""Alias_Libelle_Fronton"": ""Machecoul"", ""AgenceGC_Libelle"": ""DTG Centre Ouest"", ""RegionSNCF_Libelle"": ""REGION PAYS DE LA LOIRE"", ""UG_Libelle"": ""UG Pays de la Loire"", ""UT_Libelle"": ""MACHECOUL GARE""}";Machecoul;Machecoul;True;False;DTG Centre Ouest;REGION PAYS DE LA LOIRE;UG Pays de la Loire;MACHECOUL GARE;1;MCC;46.9905038,-1.8227524
01617-1;0087481283;;Pornic;44210;131;Pornic;44;Loire-Atlantique;-2.0975565;47.1145616;c;1;GARES C PAYS DE LA LOIRE;"[{""TVS_Code"": ""PNC""}]";;"{""DRG_ON"": true, ""Etrangere_ON"": false, ""NbPltf"": 1, ""Alias_Libelle_NonContraint"": ""Pornic"", ""Alias_Libelle_Fronton"": ""Pornic"", ""AgenceGC_Libelle"": ""DTG Centre Ouest"", ""RegionSNCF_Libelle"": ""REGION PAYS DE LA LOIRE"", ""UG_Libelle"": ""UG Pays de la Loire"", ""UT_Libelle"": ""PORNIC GARE""}";Pornic;Pornic;True;False;DTG Centre Ouest;REGION PAYS DE LA LOIRE;UG Pays de la Loire;PORNIC GARE;1;PNC;47.1145616,-2.0975565
01635-1;0087478768;;Saint-Pierre-la-Cour;53410;247;Saint-Pierre-la-Cour;53;Mayenne;-1.0252972;48.1135968;c;1;GARES C PAYS DE LA LOIRE;"[{""TVS_Code"": ""SPW""}]";;"{""DRG_ON"": true, ""Etrangere_ON"": false, ""NbPltf"": 1, ""Alias_Libelle_NonContraint"": ""Saint-Pierre-la-Cour"", ""Alias_Libelle_Fronton"": ""Saint-Pierre-la-Cour"", ""AgenceGC_Libelle"": ""DTG Centre Ouest"", ""RegionSNCF_Libelle"": ""REGION PAYS DE LA LOIRE"", ""UG_Libelle"": ""UG Pays de la Loire"", ""UT_Libelle"": ""SAINT PIERRE LA COUR GARE""}";Saint-Pierre-la-Cour;Saint-Pierre-la-Cour;True;False;DTG Centre Ouest;REGION PAYS DE LA LOIRE;UG Pays de la Loire;SAINT PIERRE LA COUR GARE;1;SPW;48.1135968,-1.0252972
01637-1;0087478743;;Le Genest-Saint-Isle;53940;103;Genest-Saint-Isle;53;Mayenne;-0.8858084;48.0967372;c;1;GARES C PAYS DE LA LOIRE;"[{""TVS_Code"": ""GST""}]";;"{""DRG_ON"": true, ""Etrangere_ON"": false, ""NbPltf"": 1, ""Alias_Libelle_NonContraint"": ""Le Genest-Saint-Isle"", ""Alias_Libelle_Fronton"": ""Le Genest"", ""AgenceGC_Libelle"": ""DTG Centre Ouest"", ""RegionSNCF_Libelle"": ""REGION PAYS DE LA LOIRE"", ""UG_Libelle"": ""UG Pays de la Loire"", ""UT_Libelle"": ""LE GENEST GARE""}";Le Genest-Saint-Isle;Le Genest;True;False;DTG Centre Ouest;REGION PAYS DE LA LOIRE;UG Pays de la Loire;LE GENEST GARE;1;GST;48.0967372,-0.8858084
01641-1;0087478537;;Montsûrs;53150;161;Montsûrs-Saint-Céneré;53;Mayenne;-0.5506416;48.14149;c;1;GARES C PAYS DE LA LOIRE;"[{""TVS_Code"": ""MSW""}]";;"{""DRG_ON"": true, ""Etrangere_ON"": false, ""NbPltf"": 1, ""Alias_Libelle_NonContraint"": ""Montsûrs"", ""Alias_Libelle_Fronton"": ""Montsûrs"", ""AgenceGC_Libelle"": ""DTG Centre Ouest"", ""RegionSNCF_Libelle"": ""REGION PAYS DE LA LOIRE"", ""UG_Libelle"": ""UG Pays de la Loire"", ""UT_Libelle"": ""MONTSURS GARE""}";Montsûrs;Montsûrs;True;False;DTG Centre Ouest;REGION PAYS DE LA LOIRE;UG Pays de la Loire;MONTSURS GARE;1;MSW;48.14149,-0.5506416
01661-1;0087476770;;Drefféac;44530;053;Drefféac;44;Loire-Atlantique;-2.0503661;47.4817568;c;1;GARES C PAYS DE LA LOIRE;"[{""TVS_Code"": ""DRF""}]";;"{""DRG_ON"": true, ""Etrangere_ON"": false, ""NbPltf"": 1, ""Alias_Libelle_NonContraint"": ""Drefféac"", ""Alias_Libelle_Fronton"": ""Drefféac"", ""AgenceGC_Libelle"": ""DTG Centre Ouest"", ""RegionSNCF_Libelle"": ""REGION PAYS DE LA LOIRE"", ""UG_Libelle"": ""UG Pays de la Loire"", ""UT_Libelle"": ""DREFFEAC P GARE""}";Drefféac;Drefféac;True;False;DTG Centre Ouest;REGION PAYS DE LA LOIRE;UG Pays de la Loire;DREFFEAC P GARE;1;DRF;47.4817568,-2.0503661
01896-1;0087396374;;Noyen-sur-Sarthe;72430;223;Noyen-sur-Sarthe;72;Sarthe;-0.0981755;47.8744544;c;1;GARES C PAYS DE LA LOIRE;"[{""TVS_Code"": ""NON""}]";;"{""DRG_ON"": true, ""Etrangere_ON"": false, ""NbPltf"": 1, ""Alias_Libelle_NonContraint"": ""Noyen-sur-Sarthe"", ""Alias_Libelle_Fronton"": ""Noyen"", ""AgenceGC_Libelle"": ""DTG Centre Ouest"", ""RegionSNCF_Libelle"": ""REGION PAYS DE LA LOIRE"", ""UG_Libelle"": ""UG Pays de la Loire"", ""UT_Libelle"": ""NOYEN GARE""}";Noyen-sur-Sarthe;Noyen;True;False;DTG Centre Ouest;REGION PAYS DE LA LOIRE;UG Pays de la Loire;NOYEN GARE;1;NON;47.8744544,-0.0981755
01909-1;0087396218;;Conlie;72240;089;Conlie;72;Sarthe;-0.0113736;48.1272909;c;1;GARES C PAYS DE LA LOIRE;"[{""TVS_Code"": ""CIE""}]";;"{""DRG_ON"": true, ""Etrangere_ON"": false, ""NbPltf"": 1, ""Alias_Libelle_NonContraint"": ""Conlie"", ""Alias_Libelle_Fronton"": ""Conlie"", ""AgenceGC_Libelle"": ""DTG Centre Ouest"", ""RegionSNCF_Libelle"": ""REGION PAYS DE LA LOIRE"", ""UG_Libelle"": ""UG Pays de la Loire"", ""UT_Libelle"": ""CONLIE GARE""}";Conlie;Conlie;True;False;DTG Centre Ouest;REGION PAYS DE LA LOIRE;UG Pays de la Loire;CONLIE GARE;1;CIE;48.1272909,-0.0113736
01913-1;0087396051;;Teillé;72290;349;Teillé;72;Sarthe;0.1913397;48.1812341;c;1;GARES C PAYS DE LA LOIRE;"[{""TVS_Code"": ""TEI""}]";;"{""DRG_ON"": true, ""Etrangere_ON"": false, ""NbPltf"": 1, ""Alias_Libelle_NonContraint"": ""Teillé"", ""Alias_Libelle_Fronton"": ""Teillé"", ""AgenceGC_Libelle"": ""DTG Centre Ouest"", ""RegionSNCF_Libelle"": ""REGION PAYS DE LA LOIRE"", ""UG_Libelle"": ""UG Pays de la Loire"", ""UT_Libelle"": ""TEILLE (SARTHE) GARE""}";Teillé;Teillé;True;False;DTG Centre Ouest;REGION PAYS DE LA LOIRE;UG Pays de la Loire;TEILLE (SARTHE) GARE;1;TEI;48.1812341,0.1913397
01916-1;0087396028;;Neuville-sur-Sarthe;72190;217;Neuville-sur-Sarthe;72;Sarthe;0.1997294;48.0705577;c;1;GARES C PAYS DE LA LOIRE;"[{""TVS_Code"": ""NER""}]";;"{""DRG_ON"": true, ""Etrangere_ON"": false, ""NbPltf"": 1, ""Alias_Libelle_NonContraint"": ""Neuville-sur-Sarthe"", ""Alias_Libelle_Fronton"": ""Neuville"", ""AgenceGC_Libelle"": ""DTG Centre Ouest"", ""RegionSNCF_Libelle"": ""REGION PAYS DE LA LOIRE"", ""UG_Libelle"": ""UG Pays de la Loire"", ""UT_Libelle"": ""NEUVILLE SUR SARTHE GARE""}";Neuville-sur-Sarthe;Neuville;True;False;DTG Centre Ouest;REGION PAYS DE LA LOIRE;UG Pays de la Loire;NEUVILLE SUR SARTHE GARE;1;NER;48.0705577,0.1997294
01917-1;0087396002;;Le Mans;72000;181;Mans;72;Sarthe;0.192578;47.995689;a;3;GARE LE MANS;"[{""TVS_Code"": ""LEN""}]";;"{""DRG_ON"": true, ""Etrangere_ON"": false, ""NbPltf"": 1, ""Alias_Libelle_NonContraint"": ""Le Mans"", ""Alias_Libelle_Fronton"": ""Le Mans"", ""AgenceGC_Libelle"": ""DTG Centre Ouest"", ""RegionSNCF_Libelle"": ""REGION PAYS DE LA LOIRE"", ""UG_Libelle"": ""UG Pays de la Loire"", ""UT_Libelle"": ""LE MANS GARE""}";Le Mans;Le Mans;True;False;DTG Centre Ouest;REGION PAYS DE LA LOIRE;UG Pays de la Loire;LE MANS GARE;1;LEN;47.995689,0.192578
02103-1;0087354589;;Saint-Sébastien Pas Enchantés;44230;190;Saint-Sébastien-sur-Loire;44;Loire-Atlantique;-1.5109069;47.2069513;c;1;GARES C PAYS DE LA LOIRE;"[{""TVS_Code"": ""XTX""}]";;"{""DRG_ON"": true, ""Etrangere_ON"": false, ""NbPltf"": 1, ""Alias_Libelle_NonContraint"": ""Saint-Sébastien Pas Enchantés"", ""Alias_Libelle_Fronton"": ""Saint-Sébastien Pas Enchantés"", ""AgenceGC_Libelle"": ""DTG Centre Ouest"", ""RegionSNCF_Libelle"": ""REGION PAYS DE LA LOIRE"", ""UG_Libelle"": ""UG Pays de la Loire"", ""UT_Libelle"": ""LES PAS ENCHANTES HALTE""}";Saint-Sébastien Pas Enchantés;Saint-Sébastien Pas Enchantés;True;False;DTG Centre Ouest;REGION PAYS DE LA LOIRE;UG Pays de la Loire;LES PAS ENCHANTES HALTE;1;XTX;47.2069513,-1.5109069
01208-1;0087590349;;Babinière;44240;035;Chapelle-sur-Erdre;44;Loire-Atlantique;-1.5452842;47.2591762;b;1;GARES C PAYS DE LA LOIRE;"[{""TVS_Code"": ""BBQ""}]";;"{""DRG_ON"": true, ""Etrangere_ON"": false, ""NbPltf"": 1, ""Alias_Libelle_NonContraint"": ""Babinière"", ""Alias_Libelle_Fronton"": ""Babinière"", ""AgenceGC_Libelle"": ""DTG Centre Ouest"", ""RegionSNCF_Libelle"": ""REGION PAYS DE LA LOIRE"", ""UG_Libelle"": ""UG Pays de la Loire"", ""UT_Libelle"": null}";Babinière;Babinière;True;False;DTG Centre Ouest;REGION PAYS DE LA LOIRE;UG Pays de la Loire;;1;BBQ;47.2591762,-1.5452842
01531-1;0087487603;;Saumur;49400;328;Saumur;49;Maine-et-Loire;-0.07136;47.26900;b;2;GARE SAUMUR;"[{""TVS_Code"": ""SUD""}]";;"{""DRG_ON"": true, ""Etrangere_ON"": false, ""NbPltf"": 1, ""Alias_Libelle_NonContraint"": ""Saumur"", ""Alias_Libelle_Fronton"": ""Saumur"", ""AgenceGC_Libelle"": ""DTG Centre Ouest"", ""RegionSNCF_Libelle"": ""REGION PAYS DE LA LOIRE"", ""UG_Libelle"": ""UG Pays de la Loire"", ""UT_Libelle"": ""SAUMUR RIVE DROITE GARE""}";Saumur;Saumur;True;False;DTG Centre Ouest;REGION PAYS DE LA LOIRE;UG Pays de la Loire;SAUMUR RIVE DROITE GARE;1;SUD;47.269,-0.07136
01546-1;0087486308;;La Chaize-le-Vicomte;85310;046;Chaize-le-Vicomte;85;Vendée;-1.2820678;46.676779;c;1;GARES C PAYS DE LA LOIRE;"[{""TVS_Code"": ""CZC""}]";;"{""DRG_ON"": true, ""Etrangere_ON"": false, ""NbPltf"": 1, ""Alias_Libelle_NonContraint"": ""La Chaize-le-Vicomte"", ""Alias_Libelle_Fronton"": ""La Chaize-le-Vicomte"", ""AgenceGC_Libelle"": ""DTG Centre Ouest"", ""RegionSNCF_Libelle"": ""REGION PAYS DE LA LOIRE"", ""UG_Libelle"": ""UG Pays de la Loire"", ""UT_Libelle"": ""LA CHAIZE LE VICOMTE GARE""}";La Chaize-le-Vicomte;La Chaize-le-Vicomte;True;False;DTG Centre Ouest;REGION PAYS DE LA LOIRE;UG Pays de la Loire;LA CHAIZE LE VICOMTE GARE;1;CZC;46.676779,-1.2820678
01547-1;0087486258;;Luçon;85400;128;Luçon;85;Vendée;-1.1674217;46.4638232;c;1;GARES C PAYS DE LA LOIRE;"[{""TVS_Code"": ""LRK""}]";;"{""DRG_ON"": true, ""Etrangere_ON"": false, ""NbPltf"": 1, ""Alias_Libelle_NonContraint"": ""Luçon"", ""Alias_Libelle_Fronton"": ""Luçon"", ""AgenceGC_Libelle"": ""DTG Centre Ouest"", ""RegionSNCF_Libelle"": ""REGION PAYS DE LA LOIRE"", ""UG_Libelle"": ""UG Pays de la Loire"", ""UT_Libelle"": ""LUCON GARE""}";Luçon;Luçon;True;False;DTG Centre Ouest;REGION PAYS DE LA LOIRE;UG Pays de la Loire;LUCON GARE;1;LRK;46.4638232,-1.1674217
01548-1;0087486142;;Belleville-sur-Vie;85170;019;Bellevigny;85;Vendée;-1.4346673;46.788316;c;1;GARES C PAYS DE LA LOIRE;"[{""TVS_Code"": ""BVD""}]";;"{""DRG_ON"": true, ""Etrangere_ON"": false, ""NbPltf"": 1, ""Alias_Libelle_NonContraint"": ""Belleville-sur-Vie"", ""Alias_Libelle_Fronton"": ""Belleville-sur-Vie"", ""AgenceGC_Libelle"": ""DTG Centre Ouest"", ""RegionSNCF_Libelle"": ""REGION PAYS DE LA LOIRE"", ""UG_Libelle"": ""UG Pays de la Loire"", ""UT_Libelle"": ""BELLEVILLE VENDEE GARE""}";Belleville-sur-Vie;Belleville-sur-Vie;True;False;DTG Centre Ouest;REGION PAYS DE LA LOIRE;UG Pays de la Loire;BELLEVILLE VENDEE GARE;1;BVD;46.788316,-1.4346673
01549-1;0087486126;;L'Herbergement - Les Brouzils;85260;108;Herbergement;85;Vendée;-1.3712431;46.9069172;c;1;GARES C PAYS DE LA LOIRE;"[{""TVS_Code"": ""LHB""}]";;"{""DRG_ON"": true, ""Etrangere_ON"": false, ""NbPltf"": 1, ""Alias_Libelle_NonContraint"": ""L'Herbergement - Les Brouzils"", ""Alias_Libelle_Fronton"": ""L'Herbergement - Les Brouzils"", ""AgenceGC_Libelle"": ""DTG Centre Ouest"", ""RegionSNCF_Libelle"": ""REGION PAYS DE LA LOIRE"", ""UG_Libelle"": ""UG Pays de la Loire"", ""UT_Libelle"": ""L HERBERGEMENT LES BROUZILS GARE""}";L'Herbergement - Les Brouzils;L'Herbergement - Les Brouzils;True;False;DTG Centre Ouest;REGION PAYS DE LA LOIRE;UG Pays de la Loire;L HERBERGEMENT LES BROUZILS GARE;1;LHB;46.9069172,-1.3712431
01550-1;0087486019;;La Roche-sur-Yon;85000;191;Roche-sur-Yon;85;Vendée;-1.435621;46.672120;b;2;GARE LA ROCHE SUR YON;"[{""TVS_Code"": ""LRY""}]";;"{""DRG_ON"": true, ""Etrangere_ON"": false, ""NbPltf"": 1, ""Alias_Libelle_NonContraint"": ""La Roche-sur-Yon"", ""Alias_Libelle_Fronton"": ""La Roche-sur-Yon"", ""AgenceGC_Libelle"": ""DTG Centre Ouest"", ""RegionSNCF_Libelle"": ""REGION PAYS DE LA LOIRE"", ""UG_Libelle"": ""UG Pays de la Loire"", ""UT_Libelle"": ""LA ROCHE SUR YON GARE""}";La Roche-sur-Yon;La Roche-sur-Yon;True;False;DTG Centre Ouest;REGION PAYS DE LA LOIRE;UG Pays de la Loire;LA ROCHE SUR YON GARE;1;LRY;46.67212,-1.435621
01572-1;0087484386;;Varades - Saint-Florent le Vieil;44370;213;Loireauxence;44;Loire-Atlantique;-1.019712;47.3744471;c;1;GARES C PAYS DE LA LOIRE;"[{""TVS_Code"": ""VDE""}]";;"{""DRG_ON"": true, ""Etrangere_ON"": false, ""NbPltf"": 1, ""Alias_Libelle_NonContraint"": ""Varades - Saint-Florent le Vieil"", ""Alias_Libelle_Fronton"": ""Varades - Saint-Florent-le-Vieil"", ""AgenceGC_Libelle"": ""DTG Centre Ouest"", ""RegionSNCF_Libelle"": ""REGION PAYS DE LA LOIRE"", ""UG_Libelle"": ""UG Pays de la Loire"", ""UT_Libelle"": ""VARADES GARE""}";Varades - Saint-Florent le Vieil;Varades - Saint-Florent-le-Vieil;True;False;DTG Centre Ouest;REGION PAYS DE LA LOIRE;UG Pays de la Loire;VARADES GARE;1;VDE;47.3744471,-1.019712
01581-1;0087484154;;Étriché - Châteauneuf;49330;132;Étriché;49;Maine-et-Loire;-0.4608993;47.6567082;c;1;GARES C PAYS DE LA LOIRE;"[{""TVS_Code"": ""EEF""}]";;"{""DRG_ON"": true, ""Etrangere_ON"": false, ""NbPltf"": 1, ""Alias_Libelle_NonContraint"": ""Étriché - Châteauneuf"", ""Alias_Libelle_Fronton"": ""Étriché - Châteauneuf"", ""AgenceGC_Libelle"": ""DTG Centre Ouest"", ""RegionSNCF_Libelle"": ""REGION PAYS DE LA LOIRE"", ""UG_Libelle"": ""UG Pays de la Loire"", ""UT_Libelle"": ""ETRICHE CHATEAUNEUF GARE""}";Étriché - Châteauneuf;Étriché - Châteauneuf;True;False;DTG Centre Ouest;REGION PAYS DE LA LOIRE;UG Pays de la Loire;ETRICHE CHATEAUNEUF GARE;1;EEF;47.6567082,-0.4608993
01582-1;0087484147;;Tiercé;49125;347;Tiercé;49;Maine-et-Loire;-0.469347;47.617532;b;1;Gare Tiercé;"[{""TVS_Code"": ""TCE""}]";;"{""DRG_ON"": true, ""Etrangere_ON"": false, ""NbPltf"": 1, ""Alias_Libelle_NonContraint"": ""Tiercé"", ""Alias_Libelle_Fronton"": ""Tiercé"", ""AgenceGC_Libelle"": ""DTG Centre Ouest"", ""RegionSNCF_Libelle"": ""REGION PAYS DE LA LOIRE"", ""UG_Libelle"": ""UG Pays de la Loire"", ""UT_Libelle"": ""TIERCE GARE""}";Tiercé;Tiercé;True;False;DTG Centre Ouest;REGION PAYS DE LA LOIRE;UG Pays de la Loire;TIERCE GARE;1;TCE;47.617532,-0.469347
01584-1;0087484113;;Écouflant;49000;129;Écouflant;49;Maine-et-Loire;-0.5194782;47.5039036;c;1;GARES C PAYS DE LA LOIRE;"[{""TVS_Code"": ""ECT""}]";;"{""DRG_ON"": true, ""Etrangere_ON"": false, ""NbPltf"": 1, ""Alias_Libelle_NonContraint"": ""Écouflant"", ""Alias_Libelle_Fronton"": ""Écouflant"", ""AgenceGC_Libelle"": ""DTG Centre Ouest"", ""RegionSNCF_Libelle"": ""REGION PAYS DE LA LOIRE"", ""UG_Libelle"": ""UG Pays de la Loire"", ""UT_Libelle"": ""ECOUFLANT GARE""}";Écouflant;Écouflant;True;False;DTG Centre Ouest;REGION PAYS DE LA LOIRE;UG Pays de la Loire;ECOUFLANT GARE;1;ECT;47.5039036,-0.5194782
01586-1;0087484006;;Angers Saint-Laud;49100;007;Angers;49;Maine-et-Loire;-0.556820;47.464647;a;3;GARE ANGERS ST LAUD;"[{""TVS_Code"": ""ASL""}]";;"{""DRG_ON"": true, ""Etrangere_ON"": false, ""NbPltf"": 1, ""Alias_Libelle_NonContraint"": ""Angers Saint-Laud"", ""Alias_Libelle_Fronton"": ""Angers Saint-Laud"", ""AgenceGC_Libelle"": ""DTG Centre Ouest"", ""RegionSNCF_Libelle"": ""REGION PAYS DE LA LOIRE"", ""UG_Libelle"": ""UG Pays de la Loire"", ""UT_Libelle"": ""ANGERS ST LAUD GARE""}";Angers Saint-Laud;Angers Saint-Laud;True;False;DTG Centre Ouest;REGION PAYS DE LA LOIRE;UG Pays de la Loire;ANGERS ST LAUD GARE;1;ASL;47.464647,-0.55682
01587-1;0087481846;;Pontchâteau;44160;129;Pontchâteau;44;Loire-Atlantique;-2.088201;47.435399;b;1;Gare Pontchâteau;"[{""TVS_Code"": ""PCU""}]";;"{""DRG_ON"": true, ""Etrangere_ON"": false, ""NbPltf"": 1, ""Alias_Libelle_NonContraint"": ""Pontchâteau"", ""Alias_Libelle_Fronton"": ""Pontchâteau"", ""AgenceGC_Libelle"": ""DTG Centre Ouest"", ""RegionSNCF_Libelle"": ""REGION PAYS DE LA LOIRE"", ""UG_Libelle"": ""UG Pays de la Loire"", ""UT_Libelle"": ""PONT CHATEAU GARE""}";Pontchâteau;Pontchâteau;True;False;DTG Centre Ouest;REGION PAYS DE LA LOIRE;UG Pays de la Loire;PONT CHATEAU GARE;1;PCU;47.435399,-2.088201
01588-1;0087481838;;Savenay;44260;195;Savenay;44;Loire-Atlantique;-1.950957;47.358590;b;2;Gare Savenay;"[{""TVS_Code"": ""SNY""}]";;"{""DRG_ON"": true, ""Etrangere_ON"": false, ""NbPltf"": 1, ""Alias_Libelle_NonContraint"": ""Savenay"", ""Alias_Libelle_Fronton"": ""Savenay"", ""AgenceGC_Libelle"": ""DTG Centre Ouest"", ""RegionSNCF_Libelle"": ""REGION PAYS DE LA LOIRE"", ""UG_Libelle"": ""UG Pays de la Loire"", ""UT_Libelle"": ""SAVENAY GARE""}";Savenay;Savenay;True;False;DTG Centre Ouest;REGION PAYS DE LA LOIRE;UG Pays de la Loire;SAVENAY GARE;1;SNY;47.35859,-1.950957
01589-1;0087481820;;Cordemais;44360;045;Cordemais;44;Loire-Atlantique;-1.8466771;47.3021502;c;1;GARES C PAYS DE LA LOIRE;"[{""TVS_Code"": ""CDQ""}]";;"{""DRG_ON"": true, ""Etrangere_ON"": false, ""NbPltf"": 1, ""Alias_Libelle_NonContraint"": ""Cordemais"", ""Alias_Libelle_Fronton"": ""Cordemais"", ""AgenceGC_Libelle"": ""DTG Centre Ouest"", ""RegionSNCF_Libelle"": ""REGION PAYS DE LA LOIRE"", ""UG_Libelle"": ""UG Pays de la Loire"", ""UT_Libelle"": ""CORDEMAIS GARE""}";Cordemais;Cordemais;True;False;DTG Centre Ouest;REGION PAYS DE LA LOIRE;UG Pays de la Loire;CORDEMAIS GARE;1;CDQ;47.3021502,-1.8466771
01591-1;0087481804;;Couëron;44220;047;Couëron;44;Loire-Atlantique;-1.7235014;47.2220412;c;1;GARES C PAYS DE LA LOIRE;"[{""TVS_Code"": ""CNQ""}]";;"{""DRG_ON"": true, ""Etrangere_ON"": false, ""NbPltf"": 1, ""Alias_Libelle_NonContraint"": ""Couëron"", ""Alias_Libelle_Fronton"": ""Couëron"", ""AgenceGC_Libelle"": ""DTG Centre Ouest"", ""RegionSNCF_Libelle"": ""REGION PAYS DE LA LOIRE"", ""UG_Libelle"": ""UG Pays de la Loire"", ""UT_Libelle"": ""COUERON GARE""}";Couëron;Couëron;True;False;DTG Centre Ouest;REGION PAYS DE LA LOIRE;UG Pays de la Loire;COUERON GARE;1;CNQ;47.2220412,-1.7235014
01594-1;0087481762;;Le Pouliguen;44510;135;Pouliguen;44;Loire-Atlantique;-2.4331446;47.2825404;c;1;GARES C PAYS DE LA LOIRE;"[{""TVS_Code"": ""LIG""}]";;"{""DRG_ON"": true, ""Etrangere_ON"": false, ""NbPltf"": 1, ""Alias_Libelle_NonContraint"": ""Le Pouliguen"", ""Alias_Libelle_Fronton"": ""Le Pouliguen"", ""AgenceGC_Libelle"": ""DTG Centre Ouest"", ""RegionSNCF_Libelle"": ""REGION PAYS DE LA LOIRE"", ""UG_Libelle"": ""UG Pays de la Loire"", ""UT_Libelle"": ""LE POULIGUEN GARE""}";Le Pouliguen;Le Pouliguen;True;False;DTG Centre Ouest;REGION PAYS DE LA LOIRE;UG Pays de la Loire;LE POULIGUEN GARE;1;LIG;47.2825404,-2.4331446
01596-1;0087481747;;Pornichet;44380;132;Pornichet;44;Loire-Atlantique;-2.3445765;47.2705354;b;1;GARES C PAYS DE LA LOIRE;"[{""TVS_Code"": ""PNI""}]";;"{""DRG_ON"": true, ""Etrangere_ON"": false, ""NbPltf"": 1, ""Alias_Libelle_NonContraint"": ""Pornichet"", ""Alias_Libelle_Fronton"": ""Pornichet"", ""AgenceGC_Libelle"": ""DTG Centre Ouest"", ""RegionSNCF_Libelle"": ""REGION PAYS DE LA LOIRE"", ""UG_Libelle"": ""UG Pays de la Loire"", ""UT_Libelle"": ""PORNICHET GARE""}";Pornichet;Pornichet;True;False;DTG Centre Ouest;REGION PAYS DE LA LOIRE;UG Pays de la Loire;PORNICHET GARE;1;PNI;47.2705354,-2.3445765
01597-1;0087481721;;Donges;44480;052;Donges;44;Loire-Atlantique;-2.0719096;47.3086552;c;1;GARES C PAYS DE LA LOIRE;"[{""TVS_Code"": ""DGS""}]";;"{""DRG_ON"": true, ""Etrangere_ON"": false, ""NbPltf"": 1, ""Alias_Libelle_NonContraint"": ""Donges"", ""Alias_Libelle_Fronton"": ""Donges"", ""AgenceGC_Libelle"": ""DTG Centre Ouest"", ""RegionSNCF_Libelle"": ""REGION PAYS DE LA LOIRE"", ""UG_Libelle"": ""UG Pays de la Loire"", ""UT_Libelle"": ""DONGES GARE""}";Donges;Donges;True;False;DTG Centre Ouest;REGION PAYS DE LA LOIRE;UG Pays de la Loire;DONGES GARE;1;DGS;47.3086552,-2.0719096
01607-1;0087481564;;La Chapelle-sur-Erdre;44240;035;Chapelle-sur-Erdre;44;Loire-Atlantique;-1.548012;47.2972029;c;1;GARES C PAYS DE LA LOIRE;"[{""TVS_Code"": ""EIF""}]";;"{""DRG_ON"": true, ""Etrangere_ON"": false, ""NbPltf"": 1, ""Alias_Libelle_NonContraint"": ""La Chapelle-sur-Erdre"", ""Alias_Libelle_Fronton"": ""La Chapelle Centre"", ""AgenceGC_Libelle"": ""DTG Centre Ouest"", ""RegionSNCF_Libelle"": ""REGION PAYS DE LA LOIRE"", ""UG_Libelle"": ""UG Pays de la Loire"", ""UT_Libelle"": null}";La Chapelle-sur-Erdre;La Chapelle Centre;True;False;DTG Centre Ouest;REGION PAYS DE LA LOIRE;UG Pays de la Loire;;1;EIF;47.2972029,-1.548012
01618-1;0087481267;;La Bernerie-en-Retz;44760;012;Bernerie-en-Retz;44;Loire-Atlantique;-2.0341408;47.0832616;c;1;GARES C PAYS DE LA LOIRE;"[{""TVS_Code"": ""BNX""}]";;"{""DRG_ON"": true, ""Etrangere_ON"": false, ""NbPltf"": 1, ""Alias_Libelle_NonContraint"": ""La Bernerie-en-Retz"", ""Alias_Libelle_Fronton"": ""La Bernerie-en-Retz"", ""AgenceGC_Libelle"": ""DTG Centre Ouest"", ""RegionSNCF_Libelle"": ""REGION PAYS DE LA LOIRE"", ""UG_Libelle"": ""UG Pays de la Loire"", ""UT_Libelle"": ""LA BERNERIE GARE""}";La Bernerie-en-Retz;La Bernerie-en-Retz;True;False;DTG Centre Ouest;REGION PAYS DE LA LOIRE;UG Pays de la Loire;LA BERNERIE GARE;1;BNX;47.0832616,-2.0341408
01628-1;0087481168;;Le Cellier;44850;028;Cellier;44;Loire-Atlantique;-1.3506694;47.3135164;c;1;GARES C PAYS DE LA LOIRE;"[{""TVS_Code"": ""LEI""}]";;"{""DRG_ON"": true, ""Etrangere_ON"": false, ""NbPltf"": 1, ""Alias_Libelle_NonContraint"": ""Le Cellier"", ""Alias_Libelle_Fronton"": ""Le Cellier"", ""AgenceGC_Libelle"": ""DTG Centre Ouest"", ""RegionSNCF_Libelle"": ""REGION PAYS DE LA LOIRE"", ""UG_Libelle"": ""UG Pays de la Loire"", ""UT_Libelle"": ""LE CELLIER GARE""}";Le Cellier;Le Cellier;True;False;DTG Centre Ouest;REGION PAYS DE LA LOIRE;UG Pays de la Loire;LE CELLIER GARE;1;LEI;47.3135164,-1.3506694
01630-1;0087481143;;Thouaré-sur-Loire;44470;204;Thouaré-sur-Loire;44;Loire-Atlantique;-1.4409626;47.2651143;c;1;GARES C PAYS DE LA LOIRE;"[{""TVS_Code"": ""THE""}]";;"{""DRG_ON"": true, ""Etrangere_ON"": false, ""NbPltf"": 1, ""Alias_Libelle_NonContraint"": ""Thouaré-sur-Loire"", ""Alias_Libelle_Fronton"": ""Thouaré"", ""AgenceGC_Libelle"": ""DTG Centre Ouest"", ""RegionSNCF_Libelle"": ""REGION PAYS DE LA LOIRE"", ""UG_Libelle"": ""UG Pays de la Loire"", ""UT_Libelle"": ""THOUARE GARE""}";Thouaré-sur-Loire;Thouaré;True;False;DTG Centre Ouest;REGION PAYS DE LA LOIRE;UG Pays de la Loire;THOUARE GARE;1;THE;47.2651143,-1.4409626
01632-1;0087481051;;Chantenay;44000;109;Nantes;44;Loire-Atlantique;-1.5943634;47.1971227;c;1;GARES C PAYS DE LA LOIRE;"[{""TVS_Code"": ""CHA""}]";;"{""DRG_ON"": true, ""Etrangere_ON"": false, ""NbPltf"": 1, ""Alias_Libelle_NonContraint"": ""Chantenay"", ""Alias_Libelle_Fronton"": ""Chantenay"", ""AgenceGC_Libelle"": ""DTG Centre Ouest"", ""RegionSNCF_Libelle"": ""REGION PAYS DE LA LOIRE"", ""UG_Libelle"": ""UG Pays de la Loire"", ""UT_Libelle"": ""CHANTENAY GARE""}";Chantenay;Chantenay;True;False;DTG Centre Ouest;REGION PAYS DE LA LOIRE;UG Pays de la Loire;CHANTENAY GARE;1;CHA;47.1971227,-1.5943634
01642-1;0087478511;;Louverné;53950;140;Louverné;53;Mayenne;-0.7144109;48.1088564;c;1;GARES C PAYS DE LA LOIRE;"[{""TVS_Code"": ""LVX""}]";;"{""DRG_ON"": true, ""Etrangere_ON"": false, ""NbPltf"": 1, ""Alias_Libelle_NonContraint"": ""Louverné"", ""Alias_Libelle_Fronton"": ""Louverné"", ""AgenceGC_Libelle"": ""DTG Centre Ouest"", ""RegionSNCF_Libelle"": ""REGION PAYS DE LA LOIRE"", ""UG_Libelle"": ""UG Pays de la Loire"", ""UT_Libelle"": ""LOUVERNE GARE""}";Louverné;Louverné;True;False;DTG Centre Ouest;REGION PAYS DE LA LOIRE;UG Pays de la Loire;LOUVERNE GARE;1;LVX;48.1088564,-0.7144109
01643-1;0087478404;;Laval;53000;130;Laval;53;Mayenne;-0.760907;48.076206;a;2;GARE LAVAL;"[{""TVS_Code"": ""LAL""}]";;"{""DRG_ON"": true, ""Etrangere_ON"": false, ""NbPltf"": 1, ""Alias_Libelle_NonContraint"": ""Laval"", ""Alias_Libelle_Fronton"": ""Laval"", ""AgenceGC_Libelle"": ""DTG Centre Ouest"", ""RegionSNCF_Libelle"": ""REGION PAYS DE LA LOIRE"", ""UG_Libelle"": ""UG Pays de la Loire"", ""UT_Libelle"": ""LAVAL GARE""}";Laval;Laval;True;False;DTG Centre Ouest;REGION PAYS DE LA LOIRE;UG Pays de la Loire;LAVAL GARE;1;LAL;48.076206,-0.760907
01663-1;0087476754;;Sévérac;44530;196;Sévérac;44;Loire-Atlantique;-2.072707;47.5498647;c;1;GARES C PAYS DE LA LOIRE;"[{""TVS_Code"": ""SVG""}]";;"{""DRG_ON"": true, ""Etrangere_ON"": false, ""NbPltf"": 1, ""Alias_Libelle_NonContraint"": ""Sévérac"", ""Alias_Libelle_Fronton"": ""Sévérac"", ""AgenceGC_Libelle"": ""DTG Centre Ouest"", ""RegionSNCF_Libelle"": ""REGION PAYS DE LA LOIRE"", ""UG_Libelle"": ""UG Pays de la Loire"", ""UT_Libelle"": ""SEVERAC GARE""}";Sévérac;Sévérac;True;False;DTG Centre Ouest;REGION PAYS DE LA LOIRE;UG Pays de la Loire;SEVERAC GARE;1;SVG;47.5498647,-2.072707
01891-1;0087396572;;Aubigné-Racan;72800;013;Aubigné-Racan;72;Sarthe;0.2657714;47.686945;c;1;GARES C PAYS DE LA LOIRE;"[{""TVS_Code"": ""ABG""}]";;"{""DRG_ON"": true, ""Etrangere_ON"": false, ""NbPltf"": 1, ""Alias_Libelle_NonContraint"": ""Aubigné-Racan"", ""Alias_Libelle_Fronton"": ""Aubigné-Racan"", ""AgenceGC_Libelle"": ""DTG Centre Ouest"", ""RegionSNCF_Libelle"": ""REGION PAYS DE LA LOIRE"", ""UG_Libelle"": ""UG Pays de la Loire"", ""UT_Libelle"": ""AUBIGNE RACAN GARE""}";Aubigné-Racan;Aubigné-Racan;True;False;DTG Centre Ouest;REGION PAYS DE LA LOIRE;UG Pays de la Loire;AUBIGNE RACAN GARE;1;ABG;47.686945,0.2657714
01895-1;0087396408;;Sablé-sur-Sarthe;72300;264;Sablé-sur-Sarthe;72;Sarthe;-0.3419359;47.8415934;b;2;GARE SABLE;"[{""TVS_Code"": ""SAB""}]";;"{""DRG_ON"": true, ""Etrangere_ON"": false, ""NbPltf"": 1, ""Alias_Libelle_NonContraint"": ""Sablé-sur-Sarthe"", ""Alias_Libelle_Fronton"": ""Sablé-sur-Sarthe"", ""AgenceGC_Libelle"": ""DTG Centre Ouest"", ""RegionSNCF_Libelle"": ""REGION PAYS DE LA LOIRE"", ""UG_Libelle"": ""UG Pays de la Loire"", ""UT_Libelle"": ""SABLE GARE""}";Sablé-sur-Sarthe;Sablé-sur-Sarthe;True;False;DTG Centre Ouest;REGION PAYS DE LA LOIRE;UG Pays de la Loire;SABLE GARE;1;SAB;47.8415934,-0.3419359
01901-1;0087396317;;Sceaux - Boëssé;72160;038;Boëssé-le-Sec;72;Sarthe;0.5724063;48.1221004;c;1;GARES C PAYS DE LA LOIRE;"[{""TVS_Code"": ""SBO""}]";;"{""DRG_ON"": true, ""Etrangere_ON"": false, ""NbPltf"": 1, ""Alias_Libelle_NonContraint"": ""Sceaux - Boëssé"", ""Alias_Libelle_Fronton"": ""Sceaux - Boëssé"", ""AgenceGC_Libelle"": ""DTG Centre Ouest"", ""RegionSNCF_Libelle"": ""REGION PAYS DE LA LOIRE"", ""UG_Libelle"": ""UG Pays de la Loire"", ""UT_Libelle"": ""SCEAUX BOESSE GARE""}";Sceaux - Boëssé;Sceaux - Boëssé;True;False;DTG Centre Ouest;REGION PAYS DE LA LOIRE;UG Pays de la Loire;SCEAUX BOESSE GARE;1;SBO;48.1221004,0.5724063
01904-1;0087396283;;Saint-Mars-la-Brière;72470;300;Saint-Mars-la-Brière;72;Sarthe;0.3656778;48.0285239;c;1;GARES C PAYS DE LA LOIRE;"[{""TVS_Code"": ""SRL""}]";;"{""DRG_ON"": true, ""Etrangere_ON"": false, ""NbPltf"": 1, ""Alias_Libelle_NonContraint"": ""Saint-Mars-la-Brière"", ""Alias_Libelle_Fronton"": ""Saint-Mars-la-Brière"", ""AgenceGC_Libelle"": ""DTG Centre Ouest"", ""RegionSNCF_Libelle"": ""REGION PAYS DE LA LOIRE"", ""UG_Libelle"": ""UG Pays de la Loire"", ""UT_Libelle"": ""SAINT MARS LA BRIERE GARE""}";Saint-Mars-la-Brière;Saint-Mars-la-Brière;True;False;DTG Centre Ouest;REGION PAYS DE LA LOIRE;UG Pays de la Loire;SAINT MARS LA BRIERE GARE;1;SRL;48.0285239,0.3656778
01906-1;0087396259;;Rouessé-Vassé;72140;255;Rouessé-Vassé;72;Sarthe;-0.1995868;48.1602933;c;1;GARES C PAYS DE LA LOIRE;"[{""TVS_Code"": ""REE""}]";;"{""DRG_ON"": true, ""Etrangere_ON"": false, ""NbPltf"": 1, ""Alias_Libelle_NonContraint"": ""Rouessé-Vassé"", ""Alias_Libelle_Fronton"": ""Rouessé-Vassé"", ""AgenceGC_Libelle"": ""DTG Centre Ouest"", ""RegionSNCF_Libelle"": ""REGION PAYS DE LA LOIRE"", ""UG_Libelle"": ""UG Pays de la Loire"", ""UT_Libelle"": ""ROUESSE VASSE GARE""}";Rouessé-Vassé;Rouessé-Vassé;True;False;DTG Centre Ouest;REGION PAYS DE LA LOIRE;UG Pays de la Loire;ROUESSE VASSE GARE;1;REE;48.1602933,-0.1995868
01912-1;0087396077;;Vivoin - Beaumont;72170;380;Vivoin;72;Sarthe;0.1447829;48.2302093;c;1;GARES C PAYS DE LA LOIRE;"[{""TVS_Code"": ""VBT""}]";;"{""DRG_ON"": true, ""Etrangere_ON"": false, ""NbPltf"": 1, ""Alias_Libelle_NonContraint"": ""Vivoin - Beaumont"", ""Alias_Libelle_Fronton"": ""Vivoin - Beaumont"", ""AgenceGC_Libelle"": ""DTG Centre Ouest"", ""RegionSNCF_Libelle"": ""REGION PAYS DE LA LOIRE"", ""UG_Libelle"": ""UG Pays de la Loire"", ""UT_Libelle"": ""VIVOIN BEAUMONT GARE""}";Vivoin - Beaumont;Vivoin - Beaumont;True;False;DTG Centre Ouest;REGION PAYS DE LA LOIRE;UG Pays de la Loire;VIVOIN BEAUMONT GARE;1;VBT;48.2302093,0.1447829
01209-1;0087590331;;Haluchère Batignolles;44000;109;Nantes;44;Loire-Atlantique;-1.5224436;47.249142;c;1;GARES C PAYS DE LA LOIRE;"[{""TVS_Code"": ""HAD""}]";;"{""DRG_ON"": true, ""Etrangere_ON"": false, ""NbPltf"": 1, ""Alias_Libelle_NonContraint"": ""Haluchère Batignolles"", ""Alias_Libelle_Fronton"": ""Haluchère Batignolles"", ""AgenceGC_Libelle"": ""DTG Centre Ouest"", ""RegionSNCF_Libelle"": ""REGION PAYS DE LA LOIRE"", ""UG_Libelle"": ""UG Pays de la Loire"", ""UT_Libelle"": null}";Haluchère Batignolles;Haluchère Batignolles;True;False;DTG Centre Ouest;REGION PAYS DE LA LOIRE;UG Pays de la Loire;;1;HAD;47.249142,-1.5224436
01530-1;0087487637;;Montreuil-Bellay;49260;215;Montreuil-Bellay;49;Maine-et-Loire;-0.1482834;47.1254181;c;1;GARES C PAYS DE LA LOIRE;"[{""TVS_Code"": ""MBL""}]";;"{""DRG_ON"": true, ""Etrangere_ON"": false, ""NbPltf"": 1, ""Alias_Libelle_NonContraint"": ""Montreuil-Bellay"", ""Alias_Libelle_Fronton"": ""Montreuil-Bellay"", ""AgenceGC_Libelle"": ""DTG Centre Ouest"", ""RegionSNCF_Libelle"": ""REGION PAYS DE LA LOIRE"", ""UG_Libelle"": ""UG Pays de la Loire"", ""UT_Libelle"": ""MONTREUIL BELLAY GARE""}";Montreuil-Bellay;Montreuil-Bellay;True;False;DTG Centre Ouest;REGION PAYS DE LA LOIRE;UG Pays de la Loire;MONTREUIL BELLAY GARE;1;MBL;47.1254181,-0.1482834
01535-1;0087487009;;Thouars;79100;329;Thouars;79;Deux-Sèvres;-0.2097941;46.9852442;c;1;GARES C POITOU CHARENTES;"[{""TVS_Code"": ""THQ""}]";;"{""DRG_ON"": true, ""Etrangere_ON"": false, ""NbPltf"": 1, ""Alias_Libelle_NonContraint"": ""Thouars"", ""Alias_Libelle_Fronton"": ""Thouars"", ""AgenceGC_Libelle"": ""DTG Nouvelle Aquitaine"", ""RegionSNCF_Libelle"": ""REGION PAYS DE LA LOIRE"", ""UG_Libelle"": ""UG Poitou-Charentes"", ""UT_Libelle"": ""THOUARS GARE""}";Thouars;Thouars;True;False;DTG Nouvelle Aquitaine;REGION PAYS DE LA LOIRE;UG Poitou-Charentes;THOUARS GARE;1;THQ;46.9852442,-0.2097941
01539-1;0087486449;;Les Sables-d'Olonne;85100;194;Sables-d'Olonne;85;Vendée;-1.781050;46.499917;b;2;Gare Les Sables d'Olonne;"[{""TVS_Code"": ""LSO""}]";;"{""DRG_ON"": true, ""Etrangere_ON"": false, ""NbPltf"": 1, ""Alias_Libelle_NonContraint"": ""Les Sables-d'Olonne"", ""Alias_Libelle_Fronton"": ""Les Sables-d'Olonne"", ""AgenceGC_Libelle"": ""DTG Centre Ouest"", ""RegionSNCF_Libelle"": ""REGION PAYS DE LA LOIRE"", ""UG_Libelle"": ""UG Pays de la Loire"", ""UT_Libelle"": ""LES SABLES D OLONNE GARE""}";Les Sables-d'Olonne;Les Sables-d'Olonne;True;False;DTG Centre Ouest;REGION PAYS DE LA LOIRE;UG Pays de la Loire;LES SABLES D OLONNE GARE;1;LSO;46.499917,-1.78105
01541-1;0087486423;;La Mothe-Achard;85150;152;Achards;85;Vendée;-1.6596359;46.6068648;c;1;GARES C PAYS DE LA LOIRE;"[{""TVS_Code"": ""LEH""}]";;"{""DRG_ON"": true, ""Etrangere_ON"": false, ""NbPltf"": 1, ""Alias_Libelle_NonContraint"": ""La Mothe-Achard"", ""Alias_Libelle_Fronton"": ""La Mothe-Achard"", ""AgenceGC_Libelle"": ""DTG Centre Ouest"", ""RegionSNCF_Libelle"": ""REGION PAYS DE LA LOIRE"", ""UG_Libelle"": ""UG Pays de la Loire"", ""UT_Libelle"": ""LA MOTHE ACHARD GARE""}";La Mothe-Achard;La Mothe-Achard;True;False;DTG Centre Ouest;REGION PAYS DE LA LOIRE;UG Pays de la Loire;LA MOTHE ACHARD GARE;1;LEH;46.6068648,-1.6596359
01576-1;0087484329;;Savennières - Béhuard;49170;329;Savennières;49;Maine-et-Loire;-0.6540004;47.3817332;c;1;GARES C PAYS DE LA LOIRE;"[{""TVS_Code"": ""ZVN""}]";;"{""DRG_ON"": true, ""Etrangere_ON"": false, ""NbPltf"": 1, ""Alias_Libelle_NonContraint"": ""Savennières - Béhuard"", ""Alias_Libelle_Fronton"": ""Savennières - Béhuard"", ""AgenceGC_Libelle"": ""DTG Centre Ouest"", ""RegionSNCF_Libelle"": ""REGION PAYS DE LA LOIRE"", ""UG_Libelle"": ""UG Pays de la Loire"", ""UT_Libelle"": ""SAVENNIERES BEHUARD HALTE""}";Savennières - Béhuard;Savennières - Béhuard;True;False;DTG Centre Ouest;REGION PAYS DE LA LOIRE;UG Pays de la Loire;SAVENNIERES BEHUARD HALTE;1;ZVN;47.3817332,-0.6540004
01590-1;0087481812;;Saint-Étienne-de-Montluc;44360;158;Saint-Étienne-de-Montluc;44;Loire-Atlantique;-1.7857107;47.2747167;c;1;GARES C PAYS DE LA LOIRE;"[{""TVS_Code"": ""SDQ""}]";;"{""DRG_ON"": true, ""Etrangere_ON"": false, ""NbPltf"": 1, ""Alias_Libelle_NonContraint"": ""Saint-Étienne-de-Montluc"", ""Alias_Libelle_Fronton"": ""Saint-Étienne-de-Montluc"", ""AgenceGC_Libelle"": ""DTG Centre Ouest"", ""RegionSNCF_Libelle"": ""REGION PAYS DE LA LOIRE"", ""UG_Libelle"": ""UG Pays de la Loire"", ""UT_Libelle"": ""SAINT ETIENNE DE MONTLUC GARE""}";Saint-Étienne-de-Montluc;Saint-Étienne-de-Montluc;True;False;DTG Centre Ouest;REGION PAYS DE LA LOIRE;UG Pays de la Loire;SAINT ETIENNE DE MONTLUC GARE;1;SDQ;47.2747167,-1.7857107
01599-1;0087481705;;Saint-Nazaire;44600;184;Saint-Nazaire;44;Loire-Atlantique;-2.211096;47.286412;a;2;GARE ST NAZAIRE;"[{""TVS_Code"": ""SNA""}]";;"{""DRG_ON"": true, ""Etrangere_ON"": false, ""NbPltf"": 1, ""Alias_Libelle_NonContraint"": ""Saint-Nazaire"", ""Alias_Libelle_Fronton"": ""Saint-Nazaire"", ""AgenceGC_Libelle"": ""DTG Centre Ouest"", ""RegionSNCF_Libelle"": ""REGION PAYS DE LA LOIRE"", ""UG_Libelle"": ""UG Pays de la Loire"", ""UT_Libelle"": ""SAINT NAZAIRE GARE""}";Saint-Nazaire;Saint-Nazaire;True;False;DTG Centre Ouest;REGION PAYS DE LA LOIRE;UG Pays de la Loire;SAINT NAZAIRE GARE;1;SNA;47.286412,-2.211096
01601-1;0087481689;;La Croix de Méan;44600;184;Saint-Nazaire;44;Loire-Atlantique;-2.1932575;47.300426;c;1;GARES C PAYS DE LA LOIRE;"[{""TVS_Code"": ""XDM""}]";;"{""DRG_ON"": true, ""Etrangere_ON"": false, ""NbPltf"": 1, ""Alias_Libelle_NonContraint"": ""La Croix de Méan"", ""Alias_Libelle_Fronton"": ""La Croix de Méan"", ""AgenceGC_Libelle"": ""DTG Centre Ouest"", ""RegionSNCF_Libelle"": ""REGION PAYS DE LA LOIRE"", ""UG_Libelle"": ""UG Pays de la Loire"", ""UT_Libelle"": ""LA CROIX DE MEAN HALTE""}";La Croix de Méan;La Croix de Méan;True;False;DTG Centre Ouest;REGION PAYS DE LA LOIRE;UG Pays de la Loire;LA CROIX DE MEAN HALTE;1;XDM;47.300426,-2.1932575
01604-1;0087481614;;Abbaretz;44170;001;Abbaretz;44;Loire-Atlantique;-1.5244159;47.5546432;c;1;GARES C PAYS DE LA LOIRE;"[{""TVS_Code"": ""AAR""}]";;"{""DRG_ON"": true, ""Etrangere_ON"": false, ""NbPltf"": 1, ""Alias_Libelle_NonContraint"": ""Abbaretz"", ""Alias_Libelle_Fronton"": ""Abbaretz"", ""AgenceGC_Libelle"": ""DTG Centre Ouest"", ""RegionSNCF_Libelle"": ""REGION PAYS DE LA LOIRE"", ""UG_Libelle"": ""UG Pays de la Loire"", ""UT_Libelle"": ""ABBARETZ GARE""}";Abbaretz;Abbaretz;True;False;DTG Centre Ouest;REGION PAYS DE LA LOIRE;UG Pays de la Loire;ABBARETZ GARE;1;AAR;47.5546432,-1.5244159
01608-1;0087481465;;Montaigu;85600;146;Montaigu;85;Vendée;-1.316236;46.983705;b;1;Gare Montaigu (Vendée);"[{""TVS_Code"": ""MTV""}]";;"{""DRG_ON"": true, ""Etrangere_ON"": false, ""NbPltf"": 1, ""Alias_Libelle_NonContraint"": ""Montaigu"", ""Alias_Libelle_Fronton"": ""Montaigu"", ""AgenceGC_Libelle"": ""DTG Centre Ouest"", ""RegionSNCF_Libelle"": ""REGION PAYS DE LA LOIRE"", ""UG_Libelle"": ""UG Pays de la Loire"", ""UT_Libelle"": ""MONTAIGU VENDEE GARE""}";Montaigu;Montaigu;True;False;DTG Centre Ouest;REGION PAYS DE LA LOIRE;UG Pays de la Loire;MONTAIGU VENDEE GARE;1;MTV;46.983705,-1.316236
01613-1;0087481416;;La Haie-Fouassière;44690;070;Haie-Fouassière;44;Loire-Atlantique;-1.392195;47.1615899;b;1;GARES C PAYS DE LA LOIRE;"[{""TVS_Code"": ""LHE""}]";;"{""DRG_ON"": true, ""Etrangere_ON"": false, ""NbPltf"": 1, ""Alias_Libelle_NonContraint"": ""La Haie-Fouassière"", ""Alias_Libelle_Fronton"": ""La Haie-Fouassière"", ""AgenceGC_Libelle"": ""DTG Centre Ouest"", ""RegionSNCF_Libelle"": ""REGION PAYS DE LA LOIRE"", ""UG_Libelle"": ""UG Pays de la Loire"", ""UT_Libelle"": ""LA HAIE FOUASSIERE GARE""}";La Haie-Fouassière;La Haie-Fouassière;True;False;DTG Centre Ouest;REGION PAYS DE LA LOIRE;UG Pays de la Loire;LA HAIE FOUASSIERE GARE;1;LHE;47.1615899,-1.392195
01614-1;0087481408;;Vertou;44120;215;Vertou;44;Loire-Atlantique;-1.4780052;47.1861428;b;1;GARES C PAYS DE LA LOIRE;"[{""TVS_Code"": ""VTU""}]";;"{""DRG_ON"": true, ""Etrangere_ON"": false, ""NbPltf"": 1, ""Alias_Libelle_NonContraint"": ""Vertou"", ""Alias_Libelle_Fronton"": ""Vertou"", ""AgenceGC_Libelle"": ""DTG Centre Ouest"", ""RegionSNCF_Libelle"": ""REGION PAYS DE LA LOIRE"", ""UG_Libelle"": ""UG Pays de la Loire"", ""UT_Libelle"": ""VERTOU GARE""}";Vertou;Vertou;True;False;DTG Centre Ouest;REGION PAYS DE LA LOIRE;UG Pays de la Loire;VERTOU GARE;1;VTU;47.1861428,-1.4780052
01615-1;0087481390;;Challans;85300;047;Challans;85;Vendée;-1.871879;46.843962;b;1;Gare Challans;;;"{""DRG_ON"": true, ""Etrangere_ON"": false, ""NbPltf"": 1, ""Alias_Libelle_NonContraint"": ""Challans"", ""Alias_Libelle_Fronton"": ""Challans"", ""AgenceGC_Libelle"": ""DTG Centre Ouest"", ""RegionSNCF_Libelle"": ""REGION PAYS DE LA LOIRE"", ""UG_Libelle"": ""UG Pays de la Loire"", ""UT_Libelle"": ""CHALLANS GARE""}";Challans;Challans;True;False;DTG Centre Ouest;REGION PAYS DE LA LOIRE;UG Pays de la Loire;CHALLANS GARE;1;;46.843962,-1.871879
01619-1;0087481259;;Les Moutiers-en-Retz;44580;106;Moutiers-en-Retz;44;Loire-Atlantique;-2.0009628;47.0618983;c;1;GARES C PAYS DE LA LOIRE;"[{""TVS_Code"": ""MVB""}]";;"{""DRG_ON"": true, ""Etrangere_ON"": false, ""NbPltf"": 1, ""Alias_Libelle_NonContraint"": ""Les Moutiers-en-Retz"", ""Alias_Libelle_Fronton"": ""Les Moutiers-en-Retz"", ""AgenceGC_Libelle"": ""DTG Centre Ouest"", ""RegionSNCF_Libelle"": ""REGION PAYS DE LA LOIRE"", ""UG_Libelle"": ""UG Pays de la Loire"", ""UT_Libelle"": ""LES MOUTIERS GARE""}";Les Moutiers-en-Retz;Les Moutiers-en-Retz;True;False;DTG Centre Ouest;REGION PAYS DE LA LOIRE;UG Pays de la Loire;LES MOUTIERS GARE;1;MVB;47.0618983,-2.0009628
01621-1;0087481234;;Saint-Hilaire-de-Chaléons;44680;164;Saint-Hilaire-de-Chaléons;44;Loire-Atlantique;-1.8650604;47.1057704;c;1;GARES C PAYS DE LA LOIRE;"[{""TVS_Code"": ""ILA""}]";;"{""DRG_ON"": true, ""Etrangere_ON"": false, ""NbPltf"": 1, ""Alias_Libelle_NonContraint"": ""Saint-Hilaire-de-Chaléons"", ""Alias_Libelle_Fronton"": ""Saint-Hilaire-de-Chaléons"", ""AgenceGC_Libelle"": ""DTG Centre Ouest"", ""RegionSNCF_Libelle"": ""REGION PAYS DE LA LOIRE"", ""UG_Libelle"": ""UG Pays de la Loire"", ""UT_Libelle"": ""SAINT HILAIRE DE CHALEONS GARE""}";Saint-Hilaire-de-Chaléons;Saint-Hilaire-de-Chaléons;True;False;DTG Centre Ouest;REGION PAYS DE LA LOIRE;UG Pays de la Loire;SAINT HILAIRE DE CHALEONS GARE;1;ILA;47.1057704,-1.8650604
01625-1;0087481192;;Ancenis;44150;003;Ancenis;44;Loire-Atlantique;-1.177763;47.369334;b;2;GARE ANCENIS;"[{""TVS_Code"": ""ANC""}]";;"{""DRG_ON"": true, ""Etrangere_ON"": false, ""NbPltf"": 1, ""Alias_Libelle_NonContraint"": ""Ancenis"", ""Alias_Libelle_Fronton"": ""Ancenis"", ""AgenceGC_Libelle"": ""DTG Centre Ouest"", ""RegionSNCF_Libelle"": ""REGION PAYS DE LA LOIRE"", ""UG_Libelle"": ""UG Pays de la Loire"", ""UT_Libelle"": ""ANCENIS GARE""}";Ancenis;Ancenis;True;False;DTG Centre Ouest;REGION PAYS DE LA LOIRE;UG Pays de la Loire;ANCENIS GARE;1;ANC;47.369334,-1.177763
01629-1;0087481150;;Mauves-sur-Loire;44470;094;Mauves-sur-Loire;44;Loire-Atlantique;-1.3893042;47.2930211;c;1;GARES C PAYS DE LA LOIRE;"[{""TVS_Code"": ""MUE""}]";;"{""DRG_ON"": true, ""Etrangere_ON"": false, ""NbPltf"": 1, ""Alias_Libelle_NonContraint"": ""Mauves-sur-Loire"", ""Alias_Libelle_Fronton"": ""Mauves-sur-Loire"", ""AgenceGC_Libelle"": ""DTG Centre Ouest"", ""RegionSNCF_Libelle"": ""REGION PAYS DE LA LOIRE"", ""UG_Libelle"": ""UG Pays de la Loire"", ""UT_Libelle"": ""MAUVES SUR LOIRE GARE""}";Mauves-sur-Loire;Mauves-sur-Loire;True;False;DTG Centre Ouest;REGION PAYS DE LA LOIRE;UG Pays de la Loire;MAUVES SUR LOIRE GARE;1;MUE;47.2930211,-1.3893042
01636-1;0087478750;;Port-Brillet;53410;182;Port-Brillet;53;Mayenne;-0.9740682;48.1106724;c;1;GARES C PAYS DE LA LOIRE;"[{""TVS_Code"": ""PTT""}]";;"{""DRG_ON"": true, ""Etrangere_ON"": false, ""NbPltf"": 1, ""Alias_Libelle_NonContraint"": ""Port-Brillet"", ""Alias_Libelle_Fronton"": ""Port-Brillet"", ""AgenceGC_Libelle"": ""DTG Centre Ouest"", ""RegionSNCF_Libelle"": ""REGION PAYS DE LA LOIRE"", ""UG_Libelle"": ""UG Pays de la Loire"", ""UT_Libelle"": ""PORT BRILLET GARE""}";Port-Brillet;Port-Brillet;True;False;DTG Centre Ouest;REGION PAYS DE LA LOIRE;UG Pays de la Loire;PORT BRILLET GARE;1;PTT;48.1106724,-0.9740682
01639-1;0087478552;;Évron;53600;097;Évron;53;Mayenne;-0.397338;48.155501;b;1;Gare Evron;"[{""TVS_Code"": ""EVN""}]";;"{""DRG_ON"": true, ""Etrangere_ON"": false, ""NbPltf"": 1, ""Alias_Libelle_NonContraint"": ""Évron"", ""Alias_Libelle_Fronton"": ""Évron"", ""AgenceGC_Libelle"": ""DTG Centre Ouest"", ""RegionSNCF_Libelle"": ""REGION PAYS DE LA LOIRE"", ""UG_Libelle"": ""UG Pays de la Loire"", ""UT_Libelle"": ""EVRON GARE""}";Évron;Évron;True;False;DTG Centre Ouest;REGION PAYS DE LA LOIRE;UG Pays de la Loire;EVRON GARE;1;EVN;48.155501,-0.397338
01890-1;0087396580;;Mayet;72360;191;Mayet;72;Sarthe;0.2659384;47.7601465;c;1;GARES C PAYS DE LA LOIRE;"[{""TVS_Code"": ""MYT""}]";;"{""DRG_ON"": true, ""Etrangere_ON"": false, ""NbPltf"": 1, ""Alias_Libelle_NonContraint"": ""Mayet"", ""Alias_Libelle_Fronton"": ""Mayet"", ""AgenceGC_Libelle"": ""DTG Centre Ouest"", ""RegionSNCF_Libelle"": ""REGION PAYS DE LA LOIRE"", ""UG_Libelle"": ""UG Pays de la Loire"", ""UT_Libelle"": ""MAYET GARE""}";Mayet;Mayet;True;False;DTG Centre Ouest;REGION PAYS DE LA LOIRE;UG Pays de la Loire;MAYET GARE;1;MYT;47.7601465,0.2659384
01897-1;0087396366;;La Suze-sur-Sarthe;72210;346;Suze-sur-Sarthe;72;Sarthe;0.0266367;47.8919891;b;1;Gare La Suze;"[{""TVS_Code"": ""LSZ""}]";;"{""DRG_ON"": true, ""Etrangere_ON"": false, ""NbPltf"": 1, ""Alias_Libelle_NonContraint"": ""La Suze-sur-Sarthe"", ""Alias_Libelle_Fronton"": ""La Suze"", ""AgenceGC_Libelle"": ""DTG Centre Ouest"", ""RegionSNCF_Libelle"": ""REGION PAYS DE LA LOIRE"", ""UG_Libelle"": ""UG Pays de la Loire"", ""UT_Libelle"": ""LA SUZE GARE""}";La Suze-sur-Sarthe;La Suze;True;False;DTG Centre Ouest;REGION PAYS DE LA LOIRE;UG Pays de la Loire;LA SUZE GARE;1;LSZ;47.8919891,0.0266367
01898-1;0087396358;;Voivres-lès-le-Mans;72210;381;Voivres-lès-le-Mans;72;Sarthe;0.0853466;47.9304199;c;1;GARES C PAYS DE LA LOIRE;"[{""TVS_Code"": ""VOI""}]";;"{""DRG_ON"": true, ""Etrangere_ON"": false, ""NbPltf"": 1, ""Alias_Libelle_NonContraint"": ""Voivres-lès-le-Mans"", ""Alias_Libelle_Fronton"": ""Voivres"", ""AgenceGC_Libelle"": ""DTG Centre Ouest"", ""RegionSNCF_Libelle"": ""REGION PAYS DE LA LOIRE"", ""UG_Libelle"": ""UG Pays de la Loire"", ""UT_Libelle"": ""VOIVRES GARE""}";Voivres-lès-le-Mans;Voivres;True;False;DTG Centre Ouest;REGION PAYS DE LA LOIRE;UG Pays de la Loire;VOIVRES GARE;1;VOI;47.9304199,0.0853466
01905-1;0087396275;;Champagné;72470;054;Champagné;72;Sarthe;0.3352253;48.0197118;c;1;GARES C PAYS DE LA LOIRE;"[{""TVS_Code"": ""CGZ""}]";;"{""DRG_ON"": true, ""Etrangere_ON"": false, ""NbPltf"": 1, ""Alias_Libelle_NonContraint"": ""Champagné"", ""Alias_Libelle_Fronton"": ""Champagné"", ""AgenceGC_Libelle"": ""DTG Centre Ouest"", ""RegionSNCF_Libelle"": ""REGION PAYS DE LA LOIRE"", ""UG_Libelle"": ""UG Pays de la Loire"", ""UT_Libelle"": ""CHAMPAGNE GARE""}";Champagné;Champagné;True;False;DTG Centre Ouest;REGION PAYS DE LA LOIRE;UG Pays de la Loire;CHAMPAGNE GARE;1;CGZ;48.0197118,0.3352253
01907-1;0087396234;;Sillé-le-Guillaume;72140;334;Sillé-le-Guillaume;72;Sarthe;-0.1289696;48.1818735;b;1;Gare Sillé Le Guillaume;"[{""TVS_Code"": ""SLG""}]";;"{""DRG_ON"": true, ""Etrangere_ON"": false, ""NbPltf"": 1, ""Alias_Libelle_NonContraint"": ""Sillé-le-Guillaume"", ""Alias_Libelle_Fronton"": ""Sillé-le-Guillaume"", ""AgenceGC_Libelle"": ""DTG Centre Ouest"", ""RegionSNCF_Libelle"": ""REGION PAYS DE LA LOIRE"", ""UG_Libelle"": ""UG Pays de la Loire"", ""UT_Libelle"": ""SILLE LE GUILLAUME GARE""}";Sillé-le-Guillaume;Sillé-le-Guillaume;True;False;DTG Centre Ouest;REGION PAYS DE LA LOIRE;UG Pays de la Loire;SILLE LE GUILLAUME GARE;1;SLG;48.1818735,-0.1289696
01910-1;0087396200;;Domfront-en-Champagne;72240;119;Domfront-en-Champagne;72;Sarthe;0.0262592;48.1076766;c;1;GARES C PAYS DE LA LOIRE;"[{""TVS_Code"": ""DFO""}]";;"{""DRG_ON"": true, ""Etrangere_ON"": false, ""NbPltf"": 1, ""Alias_Libelle_NonContraint"": ""Domfront-en-Champagne"", ""Alias_Libelle_Fronton"": ""Domfront"", ""AgenceGC_Libelle"": ""DTG Centre Ouest"", ""RegionSNCF_Libelle"": ""REGION PAYS DE LA LOIRE"", ""UG_Libelle"": ""UG Pays de la Loire"", ""UT_Libelle"": ""DOMFRONT (SARTHE) GARE""}";Domfront-en-Champagne;Domfront;True;False;DTG Centre Ouest;REGION PAYS DE LA LOIRE;UG Pays de la Loire;DOMFRONT (SARTHE) GARE;1;DFO;48.1076766,0.0262592
02206-1;0087321745;;Penhoët;44600;184;Saint-Nazaire;44;Loire-Atlantique;-2.2008664;47.2907444;c;1;GARES C PAYS DE LA LOIRE;"[{""TVS_Code"": ""SZP""}]";;"{""DRG_ON"": true, ""Etrangere_ON"": false, ""NbPltf"": 1, ""Alias_Libelle_NonContraint"": ""Penhoët"", ""Alias_Libelle_Fronton"": ""Penhoët"", ""AgenceGC_Libelle"": ""DTG Centre Ouest"", ""RegionSNCF_Libelle"": ""REGION PAYS DE LA LOIRE"", ""UG_Libelle"": ""UG Pays de la Loire"", ""UT_Libelle"": ""SAINT NAZAIRE TRIAGE ET DESSERTE PORT""}";Penhoët;Penhoët;True;False;DTG Centre Ouest;REGION PAYS DE LA LOIRE;UG Pays de la Loire;SAINT NAZAIRE TRIAGE ET DESSERTE PORT;1;SZP;47.2907444,-2.2008664
